Name,Typ,land,Branche,Stage,Linkedin,Twitter
AARON HOLIDAY,VC - Small fund,United States,"E-Commerce, Mobile, Social, Enterprise, SaaS, Consumer","Seed, Series A",https://www.linkedin.com/in/aholidayiii/,
Alexandre Pelletier,VC - Small fund,France,"Enterprise, Mobile, E-Commerce, SaaS, Social, AI/ML, Consumer","Seed, Series A",https://www.linkedin.com/in/alexpelletier/,
Andrej Kiska,VC - Small fund,United States,"Mobile, Security, AI/ML, Big Data, IoT, Enterprise, SaaS","Seed, Series A",https://www.linkedin.com/in/kiskandrej/,https://twitter.com/kiskandrej
Arne Tonning,VC - Small fund,United States,"Security, Mobile, Life Sci., Healthcare, Enterprise","Seed, Series A",https://www.linkedin.com/in/arnetonning/,https://twitter.com/eagleonamound
Arpit Agarwal,VC - Small fund,India,"Mobile, Enterprise, E-Commerce, Social, Consumer","Seed, Series A",https://www.linkedin.com/in/arpit105/,https://twitter.com/arpiit
Baiyin Zhou,VC - Small fund,United States,"Big Data, Enterprise, SaaS, Mobile, Security","Seed, Series A",https://www.linkedin.com/in/baiyinzhou/,https://twitter.com/baiyinvc
Ben Einstein,VC - Small fund,United States,"Mobile, Robotics, Healthcare, Hardware, Enterprise, IoT","Seed, Series A",https://www.linkedin.com/in/beneinstein/,https://twitter.com/BenEinstein
Bill Park,VC - Small fund,United States,"Mobile, Media, Healthcare, Life Sci., Enterprise, Security, Big Data","Seed, Series A",https://www.linkedin.com/in/bill-park-64a4396/,
BORIS NIKOLIC,VC - Small fund,United States,"AI/ML, Media, Security, Healthcare, Big Data, Life Sci., Enterprise","Seed, Series A",,
Brendan Dickinson,VC - Small fund,United States,"Mobile, E-Commerce, Life Sci., Healthcare, Enterprise, Consumer","Seed, Series A",https://www.linkedin.com/in/brendan-dickinson-3b956ba/,https://twitter.com/bdickins
Brian Feinstein,VC - Small fund,United States,"Mobile, Healthcare, Security, Big Data, Enterprise, SaaS, E-Commerce","Seed, Series A",https://www.linkedin.com/in/brianfeinstein/,
CACK WILHELM,VC - Small fund,United States,"Big Data, Enterprise, SaaS, Finance, Social, Mobile","Seed, Series A",https://www.linkedin.com/in/cackferrell/,
Chee-We Ng,VC - Small fund,China,"AR/VR, AI/ML, Finance, Enterprise, Mobile, Life Sci., Healthcare","Seed, Series A",https://www.linkedin.com/in/cheewe/,
Chris Barchak,VC - Small fund,United Kingdom,"Enterprise, Finance, Life Sci., Big Data, Mobile, SaaS","Seed, Series A",https://www.linkedin.com/in/chrisbarchak/,
Christopher W. Dick,VC - Small fund,United States,"Big Data, Enterprise, SaaS, Mobile, Security","Seed, Series A",https://www.linkedin.com/in/c-w-dick-05031a/,
DANIEL MAFFEZZOLI,VC - Small fund,United States,Food & Drink,"Seed, Series A",https://www.linkedin.com/in/danielmaffezzoli/,
David Beyer,VC - Small fund,United States,"SaaS, AI/ML, Security, Enterprise, Big Data","Seed, Series A",https://www.linkedin.com/in/davidabeyer/,https://twitter.com/dbeyer123
David Coats,VC - Small fund,United States,"Social, SaaS, Enterprise, Mobile, Healthcare, E-Commerce, Big Data","Seed, Series A",https://www.linkedin.com/in/david-coats-2a26b66/,https://twitter.com/CoatsDavid
DAVID GOLD,VC - Small fund,United States,"IoT, E-Commerce, Travel, Robotics, Enterprise, Education, Consumer","Seed, Series A",https://www.linkedin.com/in/davidmgold/,
David Lam,VC - Small fund,United States,"Life Sci., AI/ML, Enterprise, Big Data, Social, Mobile, Consumer","Seed, Series A",https://www.linkedin.com/in/davidjlam/,
David Silverman,VC - Small fund,United States,"E-Commerce, Big Data, Mobile, Enterprise, SaaS, Social, Consumer","Seed, Series A",https://www.linkedin.com/in/david-silverman-737736/,
Ed Sim,VC - Small fund,United States,"Social, Big Data, SaaS, Mobile, Enterprise","Seed, Series A",https://www.linkedin.com/in/edsim/,
Enrique Salem,VC - Small fund,United States,"Big Data, E-Commerce, Mobile, SaaS, Enterprise, Healthcare, Finance","Seed, Series A",https://www.linkedin.com/in/enriquesalem,
Evan Hendrick,VC - Small fund,United States,"Healthcare, Mobile, Finance, AI/ML, Enterprise, E-Commerce, Consumer","Seed, Series A",https://www.linkedin.com/in/evan-hendrick-34858a67/,
FRANCK BLAIS,VC - Small fund,Singapore,"Enterprise, Hardware, Gaming, Mobile, Healthcare, E-Commerce, AR/VR","Seed, Series A",,
Francois Meteyer,VC - Small fund,France,"AI/ML, Big Data, SaaS, Mobile, Enterprise, E-Commerce, Social","Seed, Series A",https://www.linkedin.com/in/francoismeteyer/,https://twitter.com/FrancoisMeteyer
Geoff J. Catherwood,VC - Small fund,Canada,"Big Data, Enterprise, SaaS, Healthcare, Mobile, Life Sci.","Seed, Series A",https://www.linkedin.com/in/geoff-catherwood-06267/,
Graham Brooks,VC - Small fund,United States,"AI/ML, Healthcare, Big Data, SaaS, Energy, Security, Enterprise","Seed, Series A",https://www.linkedin.com/in/grahambrooks/,
Greg Norman,VC - Small fund,United Kingdom,"Mobile, Retail, Social, Food & Drink, Energy, Healthcare","Seed, Series A",https://www.linkedin.com/in/gregnormanbgf/,
Han J. Kim,VC - Small fund,United States,"Social, Big Data, Marketplace, Energy, Mobile, E-Commerce, Enterprise","Seed, Series A",https://www.linkedin.com/in/han-kim-8a16/,https://twitter.com/hanaltos
Howard Chau,VC - Small fund,United States,"Enterprise, Real Estate, Mobile, Gaming, Delivery, Big Data, Transportation","Seed, Series A",https://www.linkedin.com/in/howard-chau-3a80037/,
HUICAN ZHU,VC - Small fund,United States,"Big Data, SaaS, Security, Mobile, Enterprise, AI/ML","Seed, Series A",https://www.linkedin.com/in/huican-zhu-7064222/,
Imraan Ahmed,VC - Small fund,United States,"Marketplace, Life Sci., Food & Drink, Healthcare, Automotive, Mobile, Gaming","Seed, Series A",https://www.linkedin.com/in/imraan-ahmed-6127841/,
Jake Medwell,VC - Small fund,United States,"Big Data, SaaS, Finance, Enterprise, Mobile, Healthcare","Seed, Series A",https://www.linkedin.com/in/jakemedwell/,https://twitter.com/jakemedwell
Jim Andelman,VC - Small fund,United States,"E-Commerce, SaaS, Mobile, Healthcare, Social, Transportation, Consumer","Seed, Series A",https://www.linkedin.com/in/jimandelman/,
JIM BREYER,VC - Small fund,United States,"Marketplace, Finance, Social, Healthcare, Mobile, Consumer, Enterprise","Seed, Series A",https://www.linkedin.com/in/jim-breyer-361900b2/,https://twitter.com/jimihendrixlive
Johan Gjesdahl,VC - Small fund,Norway,"Security, Mobile, Life Sci., Healthcare, Enterprise","Seed, Series A",https://www.linkedin.com/in/johangjesdahl/,
Jonas Wenke,VC - Small fund,Germany,"Social, SaaS, Finance, Real Estate, Mobile, E-Commerce, Consumer","Seed, Series A",https://www.linkedin.com/in/jwenke/,https://twitter.com/JonasWenke
JULIE SUNDERLAND,VC - Small fund,United States,"AI/ML, Media, Security, Healthcare, Big Data, Life Sci., Enterprise","Seed, Series A",,
Kevin Bitterman,VC - Small fund,United States,"Enterprise, Healthcare, Social, Mobile, Life Sci.","Seed, Series A",https://www.linkedin.com/in/kbitterman/,https://twitter.com/KevinBitterman
Kjartan Rist,VC - Small fund,United Kingdom,"Retail, Big Data, E-Commerce, Delivery, AI/ML, Consumer","Seed, Series A",https://www.linkedin.com/in/kjartan-rist-7503b/,
Kwan Yoon,VC - Small fund,Asia,"Social, Media, Enterprise, E-Commerce, Mobile, Consumer","Seed, Series A",,
Laurel Bowden,VC - Small fund,United Kingdom,"E-Commerce, Finance, Big Data, Mobile, Social, Security, SaaS","Seed, Series A",https://www.linkedin.com/in/laurel-bowden-3a869b/,
Lauren Kolodny,VC - Small fund,United States,"Healthcare, Big Data, Finance, Social, AI/ML, Security, SaaS","Seed, Series A",https://www.linkedin.com/in/laurenkolodny/,https://twitter.com/laurenkolodny
Marc Bhargava,VC - Small fund,United States,"Marketplace, SaaS, Social, Life Sci., Mobile, E-Commerce, Healthcare","Seed, Series A",https://www.linkedin.com/in/marc-bhargava-55030311/,
Marcos Toledo,VC - Small fund,Brazil,"Hardware, Security, Enterprise","Seed, Series A",https://www.linkedin.com/in/marcost1/,
Mariam Barar,VC - Small fund,United States,"Healthcare, AI/ML, Finance, Enterprise, Mobile, Big Data, SaaS","Seed, Series A",https://www.linkedin.com/in/mariambarar/,
Mark Skapinker,VC - Small fund,Canada,"Enterprise, Social, Big Data, Sports, Mobile","Seed, Series A",https://www.linkedin.com/in/markskapinker/,https://twitter.com/MarkSkapinker
Matt Bornstein,VC - Small fund,United States,"Security, Social, AI/ML, E-Commerce, Finance, SaaS, Enterprise","Seed, Series A",https://www.linkedin.com/in/mattbornstein/,
Matt Cohler,VC - Small fund,United States,"SaaS, Social, Mobile, Media, Enterprise","Seed, Series A",https://www.linkedin.com/in/mattcohler/,https://twitter.com/mattcohler
Maxwell Krohn,VC - Small fund,United States,"AI/ML, Enterprise, Energy, Big Data, Consumer, Mobile, Finance","Seed, Series A",https://www.linkedin.com/in/maxwell-krohn-9b60a92/,https://twitter.com/maxtaco
Michael Brown,VC - Small fund,United States,"Marketplace, SaaS, AI/ML, Big Data, Enterprise, Mobile","Seed, Series A",https://www.linkedin.com/in/west-indies-piracy-squadron/,
Michael Dempsey,VC - Small fund,United States,"Big Data, Social, E-Commerce, Mobile, Retail, SaaS, Enterprise","Seed, Series A",https://www.linkedin.com/in/michaelhdempsey/,https://twitter.com/mhdempsey
Michael Eisenberg,VC - Small fund,Israel,"SaaS, E-Commerce, Enterprise, Mobile, Big Data, AI/ML, Finance","Seed, Series A",https://www.linkedin.com/in/mieisenberg/,https://twitter.com/mikeeisenberg
"Michael Liang, PhD",VC - Small fund,United States,"Mobile, Big Data, Enterprise, Healthcare, Life Sci.","Seed, Series A",https://www.linkedin.com/in/michael-liang-32590932/,
Mitra Broomand-Huber,VC - Small fund,United States,"Transportation, E-Commerce, AI/ML, Automotive, Marketplace, Energy, Enterprise","Seed, Series A",https://www.linkedin.com/in/mbrooman/,
Nader Sabbaghian,VC - Small fund,France,"Robotics, Finance, AI/ML, Mobile, E-Commerce, Retail, Consumer","Seed, Series A",https://www.linkedin.com/in/nadersabbaghian/,
Nikhil Raj,VC - Small fund,United States,"SaaS, Retail, Enterprise, Finance, E-Commerce, Mobile, Consumer","Seed, Series A",https://www.linkedin.com/in/nikhilvraj/,
Nilanjana Bhowmik,VC - Small fund,United States,"Big Data, AI/ML, Social","Seed, Series A",https://www.linkedin.com/in/nilanjanabhowmik/,
PAUL BRICAULT,VC - Small fund,United States,"Media, Consumer, SaaS, Social, Healthcare, E-Commerce, Enterprise","Seed, Series A",https://www.linkedin.com/in/paulbricault/,https://twitter.com/pbricault
Pauline Andriejanssen,VC - Small fund,Singapore,"Finance, Mobile, Automotive, E-Commerce, Big Data, Healthcare, SaaS","Seed, Series A",https://www.linkedin.com/in/pauline-andriejanssen/,
Ray Tonsing,VC - Small fund,United States,"Blockchain, AI/ML, Big Data, Mobile, SaaS, Enterprise, Finance","Seed, Series A",https://www.linkedin.com/in/tonsing/,
Rebecca Lynn,VC - Small fund,United States,"Finance, Big Data, Marketplace, SaaS, Healthcare, Enterprise, Mobile","Seed, Series A",https://www.linkedin.com/in/lynnra/,
Robert Garber,VC - Small fund,United States,"Education, Life Sci., Mobile, Healthcare","Seed, Series A",https://www.linkedin.com/in/rgarber/,
Roger Lee,VC - Small fund,United States,"E-Commerce, Big Data, SaaS, Enterprise, Mobile, Consumer","Seed, Series A",https://www.linkedin.com/in/rogerleevc/,http://www.twitter.com/rogerleevc
Ruth Foxe Blader,VC - Small fund,France,"Mobile, AI/ML, Healthcare, Big Data, Energy, Enterprise, Finance","Seed, Series A",https://www.linkedin.com/in/ruthblader/,https://twitter.com/Foxe_News
Ryan Schuler,VC - Small fund,,"Life Sci., Healthcare, Enterprise","Seed, Series A",,
Samiron Ray,VC - Small fund,United States,"Enterprise, Big Data, Hardware, Robotics, AI/ML","Seed, Series A",https://www.linkedin.com/in/samironray/,
Sarah Catanzaro,VC - Small fund,United States,"SaaS, AI/ML, Security, Enterprise, Big Data","Seed, Series A",https://www.linkedin.com/in/sarah-catanzaro-9770b98/,https://twitter.com/sarahcat21
Shin Iwata,VC - Small fund,Japan,"Enterprise, Social, E-Commerce, Mobile, Consumer","Seed, Series A",https://www.linkedin.com/in/siwata,
Shruti Gandhi,VC - Small fund,United States,"Healthcare, Mobile, Big Data, Marketplace, Enterprise, AI/ML, Finance","Seed, Series A",https://www.linkedin.com/in/shrutigandhi/,https://twitter.com/atShruti
SITAR TELI,VC - Small fund,United Kingdom,"Transportation, Media, SaaS, Travel, Finance, E-Commerce, Mobile","Seed, Series A",https://www.linkedin.com/in/sitar/,https://twitter.com/sitar
Somak Chattopadhyay,VC - Small fund,United States,"Marketplace, Life Sci., Food & Drink, Healthcare, Automotive, Mobile, Gaming","Seed, Series A",https://www.linkedin.com/in/somak-chattopadhyay-7662a/,https://twitter.com/somakc
Spencer Bogart,VC - Small fund,United States,"Finance, Blockchain","Seed, Series A",https://www.linkedin.com/in/spencer-bogart-cfa-bba645a/,
Staffan Helgesson,VC - Small fund,Sweden,"SaaS, Enterprise, Finance, Mobile, Big Data","Seed, Series A",,https://twitter.com/shelgesson
STEVE ANDERSON,VC - Small fund,United States,"Social, Enterprise, SaaS, Mobile, E-Commerce, Consumer","Seed, Series A",https://www.linkedin.com/in/steveatbaseline/,https://twitter.com/standers
Steve Gillis,VC - Small fund,United States,"Healthcare, Life Sci.","Seed, Series A",https://www.linkedin.com/in/steve-gillis-8296158/,
Stuart Larkins,VC - Small fund,United States,"Healthcare, Retail, SaaS, Enterprise, E-Commerce, Marketplace, Finance","Seed, Series A",https://www.linkedin.com/in/stuartlarkins/,https://twitter.com/stuartlarkins
Stuart Peterson,VC - Small fund,United States,"Big Data, Life Sci., Energy, Social, Mobile, Healthcare, SaaS","Seed, Series A",https://www.linkedin.com/in/petersonstuart/,
TED WANG,VC - Small fund,United States,"Retail, Finance, E-Commerce, Enterprise, Mobile, Social, Consumer","Seed, Series A",https://www.linkedin.com/in/tedwang/,https://twitter.com/twang
Thomas Jones,VC - Small fund,United Kingdom,"Travel, Finance, AI/ML, SaaS, Mobile, Enterprise, Social","Seed, Series A",https://www.linkedin.com/in/tjamesjones/,
THOMAS LUEKE,VC - Small fund,Germany,"Energy, Healthcare, Social, Marketplace, Mobile, E-Commerce, Finance","Seed, Series A",https://www.linkedin.com/in/tlueke/,
Tim Bunting,VC - Small fund,United Kingdom,"Finance, Media, AI/ML, SaaS, E-Commerce, Enterprise, Mobile","Seed, Series A",https://www.linkedin.com/in/tim-bunting-92756945/,
Tim Smith,VC - Small fund,United States,"Security, Consumer, Enterprise","Seed, Series A",https://www.linkedin.com/in/timsmith/,
Tina Cheng,VC - Small fund,Taiwan,"Healthcare, AI/ML, Mobile, Enterprise, Social, E-Commerce, Consumer","Seed, Series A",https://www.linkedin.com/in/tina-cheng-76520a2/,
Tony Ross,VC - Small fund,United Kingdom,"AI/ML, Energy, Real Estate, Retail, E-Commerce, Enterprise, Travel","Seed, Series A",,
Tony Surtees,VC - Small fund,Australia,"Media, AI/ML, Life Sci., Healthcare, Social","Seed, Series A",https://www.linkedin.com/in/tonysurtees/,
Trevor Kienzle,VC - Small fund,United States,"Social, SaaS, Enterprise, Mobile, Healthcare, E-Commerce, Big Data","Seed, Series A",https://www.linkedin.com/in/trevor-kienzle-477a3/,https://twitter.com/trevorkienzle
Troy Carter,VC - Small fund,United States,"AI/ML, Healthcare, Enterprise, Media, Education, Social, Retail","Seed, Series A",https://www.linkedin.com/in/troy-carter-20928774/,
Vasu Kulkarni,VC - Small fund,United States,"Enterprise, AR/VR, Mobile, Sports, Consumer, Social, Gaming","Seed, Series A",https://www.linkedin.com/in/vasudevkulkarni/,https://twitter.com/vasu
Vignesh Nandakumar,VC - Small fund,India,"Gaming, Government, Consumer, Transportation, Mobile, Education, Social","Seed, Series A",https://www.linkedin.com/in/vignesh-nandakumar/,
Vijay Pande,VC - Small fund,United States,"Social, Finance, E-Commerce, Mobile, Enterprise, SaaS, Big Data","Seed, Series A",https://www.linkedin.com/in/vijay-pande-4b53342/,https://twitter.com/vijaypande
Villi Iltchev,VC - Small fund,United States,"Finance, SaaS, Social, Big Data, E-Commerce, Mobile, Enterprise","Seed, Series A",https://www.linkedin.com/in/villi04/,
Vineet Rai,VC - Small fund,India,"Retail, E-Commerce, Food & Drink, Healthcare, Energy, Social, Government","Seed, Series A",https://www.linkedin.com/in/vineet-rai-536160/,
Viraj Tipnis,VC - Small fund,United States,"Finance, Enterprise, Big Data, E-Commerce, Social, SaaS, Mobile","Seed, Series A",https://www.linkedin.com/in/virajtipnis/,
Wende Hutton,VC - Small fund,United States,"Mobile, E-Commerce, Life Sci., Healthcare, Enterprise, Consumer","Seed, Series A",https://www.linkedin.com/in/wende-hutton-a70a812/,https://twitter.com/WendeHutton
William D. Lese,VC - Small fund,United States,"Hardware, Healthcare, Life Sci., Clean Tech, Energy","Seed, Series A",,
Wretch Chien,VC - Small fund,United States,"Life Sci., Healthcare, SaaS, E-Commerce, Enterprise, Big Data, AI/ML","Seed, Series A",https://www.linkedin.com/in/wretchchien/,https://twitter.com/wretchchien
Yashwanth Hemaraj,VC - Small fund,United States,"E-Commerce, Big Data, Energy, Consumer, Security, Mobile, Enterprise","Seed, Series A",https://www.linkedin.com/in/yhemaraj/,
Alessio Fanelli,Angel,,Developer Tools,"Pre-Seed, Seed",,https://twitter.com/fanahova
Alfonso Subiotto,Angel,,Developer Tools,"Pre-Seed, Seed",,https://twitter.com/asubiotto
Beyang Liu,Angel,,Developer Tools,"Pre-Seed, Seed",,https://twitter.com/beyang
Brian Douglas,Angel,,Developer Tools,"Pre-Seed, Seed",,
Brian Lovin,Angel,,Developer Tools,"Pre-Seed, Seed",,https://twitter.com/brian_lovin
Brianne Kimmel,Angel,,Developer Tools,"Pre-Seed, Seed",,https://twitter.com/briannekimmel
Bukky Adebayo,Angel,,Developer Tools,"Pre-Seed, Seed",,https://twitter.com/bukkyadebayo
Cassidy Williams,Angel,,Developer Tools,"Pre-Seed, Seed",https://linkedin.com/in/cassidoo,https://twitter.com/cassidoo
Chang Xu,Angel,,Developer Tools,"Pre-Seed, Seed",,https://twitter.com/_changxu
Charlie Marsh,Angel,,Developer Tools,"Pre-Seed, Seed",,https://twitter.com/charliermarsh
Christina Cordova,Angel,,Developer Tools,"Pre-Seed, Seed",,https://twitter.com/cjc
David Mytton,Angel,,Developer Tools,"Pre-Seed, Seed",,https://twitter.com/davidmytton
David Yang,Angel,,Developer Tools,"Pre-Seed, Seed",,
Desigan Chinniah,Angel,,Developer Tools,"Pre-Seed, Seed",,https://twitter.com/cyberdees
Dion Almaer,Angel,,Developer Tools,"Pre-Seed, Seed",,https://twitter.com/dalmaer/
Ekene Eze,Angel,,Developer Tools,"Pre-Seed, Seed",,https://twitter.com/kenny_io
Ellen Chisa,Angel,,Developer Tools,"Pre-Seed, Seed",,https://twitter.com/ellenchisa/
Eugene Yan,Angel,,Developer Tools,"Pre-Seed, Seed",,https://twitter.com/eugeneyan
Gyan Kapur,Angel,,Developer Tools,"Pre-Seed, Seed",,https://twitter.com/KapurGyan
Ilya Lyamkin,Angel,,Developer Tools,"Pre-Seed, Seed",,https://twitter.com/ilyamkin
Ivan Burazin,Angel,,Developer Tools,"Pre-Seed, Seed",https://linkedin.com/in/ivanburazin,https://twitter.com/ivanburazin
Kaelig Deloumeau,Angel,,Developer Tools,"Pre-Seed, Seed",,https://twitter.com/kaelig
Kareem Kouddous,Angel,,Developer Tools,"Pre-Seed, Seed",,https://twitter.com/kareemk
Kenneth Auchenberg,Angel,,Developer Tools,"Pre-Seed, Seed",,https://twitter.com/auchenberg
Luke Michael Byrne,Angel,,Developer Tools,"Pre-Seed, Seed",,https://twitter.com/byrnemluke
Manuel Weiss,Angel,,Developer Tools,"Pre-Seed, Seed",,https://twitter.com/manualwise/
Max Stoiber,Angel,,Developer Tools,"Pre-Seed, Seed",,
Michael Grinich,Angel,,Developer Tools,"Pre-Seed, Seed",,https://twitter.com/grinich/status/1357103620613840898?s=20
Michael Rybintsev,Angel,,Developer Tools,"Pre-Seed, Seed",,https://twitter.com/alanmynah
Moritz Plassnig,Angel,,Developer Tools,"Pre-Seed, Seed",,https://twitter.com/moritzplassnig
Patrick Thompson,Angel,,Developer Tools,"Pre-Seed, Seed",,https://twitter.com/patrickt010
Sankalp Agarwal,Angel,,Developer Tools,"Pre-Seed, Seed",,https://twitter.com/shanky0o
Shinji Kim & Jack McCloy,Angel,,Developer Tools,"Pre-Seed, Seed",,https://twitter.com/shinjikim
Stephanie Friedman,Angel,,Developer Tools,"Pre-Seed, Seed",,https://twitter.com/she_travels
swyx,Angel,,Developer Tools,"Pre-Seed, Seed",,https://twitter.com/swyx
Thomas Cuvelier,Angel,,Developer Tools,"Pre-Seed, Seed",,https://twitter.com/TCuvelie
Thomas Schranz,Angel,,Developer Tools,"Pre-Seed, Seed",,https://twitter.com/__tosh
Tigran Hakobyan,Angel,,Developer Tools,"Pre-Seed, Seed",,https://twitter.com/tiggreen
Tracy Lee,Angel,,Developer Tools,"Pre-Seed, Seed",,https://twitter.com/ladyleet
Zeno Rocha,Angel,,Developer Tools,"Pre-Seed, Seed",,https://twitter.com/zenorocha
Adi Singh,Angel,,"AI/ML, Developer Tools","Pre-Seed, Seed",https://www.linkedin.com/in/adivirsingh13/,https://twitter.com/adi_singh133
Akshay Mehra,Angel,,Fintech,"Pre-Seed, Seed",https://www.linkedin.com/in/akshay-mehra-7989312b/,https://twitter.com/akshay__mehra
Alex Huckstepp,Angel,,Technology,"Pre-Seed, Seed",https://www.linkedin.com/in/alex-huckstepp/,https://twitter.com/alexhuckstepp
Alex Klein,VC - Small fund,,Technology,"Pre-Seed, Seed",https://www.linkedin.com/in/alexklein1,https://twitter.com/alexklein0x
Allen Wang,Angel,,AI/ML,"Pre-Seed, Seed",https://linkedin.com/in/allen-wang-1b82761b8,https://twitter.com/allenwangzian
Ariana Thacker,Angel,,Developer Tools,"Pre-Seed, Seed",https://www.linkedin.com/in/arianadthacker/,https://twitter.com/m0ldilocks
Atif,VC - Small fund,,Technology,"Pre-Seed, Seed",,https://twitter.com/atifthedreamer
Ben Fletcher,VC - Small fund,,Developer Tools,"Pre-Seed, Seed",https://www.linkedin.com/in/bfletch11/,https://twitter.com/benfletch11
Brandes Woodall,VC - Small fund,,Developer Tools,"Pre-Seed, Seed",https://linkedin.com/in/brandes-woodall-b124731b9,https://twitter.com/brandeswoodall
Britton Langdon,Angel,,AI/ML,"Pre-Seed, Seed",https://www.linkedin.com/in/britton-langdon,https://twitter.com/brittonlangdon
Connor Sweeney,Angel,,Technology,"Pre-Seed, Seed",https://www.linkedin.com/in/connorjsweeney,https://twitter.com/_connorsweeney
Deepak Subramanian,Angel,,"AI/ML, SaaS, Healthcare","Pre-Seed, Seed",https://linkedin.com/in/deepak-subramanian-uiuc,https://twitter.com/itz_deepak_dpk
Dhyay Bhatt,Angel,,AI/ML,"Pre-Seed, Seed",https://linkedin.com/in/dhyay-bhatt-88a50870,https://twitter.com/dhyay777
Dris Elamri,Angel,,Technology,Growth,https://linkedin.com/in/driselamri,https://twitter.com/driselamri
Ephraim Monk,VC - Small fund,,Technology,"Pre-Seed, Seed",,https://twitter.com/realmerrymonk
GosuCoder,Angel,,AI/ML,"Pre-Seed, Seed",,https://twitter.com/gosucoder
Grant Aarons,Angel,,Healthcare,"Pre-Seed, Seed",https://uk.linkedin.com/in/grantaarons,https://twitter.com/gaarons
insights_hunter,Angel,,"AI/ML, Consumer","Pre-Seed, Seed",,https://twitter.com/sushensharma111
Ivan Makarov,Angel,,"AI/ML, SaaS","Pre-Seed, Seed",https://www.linkedin.com/in/ivan-makarov/,https://twitter.com/ivan_mkrv
Jae Yang,Angel,,AI/ML,"Pre-Seed, Seed",,https://twitter.com/true_jae_yang
Joe Quenqua,VC - Small fund,,AI/ML,"Pre-Seed, Seed",https://linkedin.com/in/joe-quenqua-a48aa268,https://twitter.com/jquenqua
Joey Rockets,VC - Small fund,,Technology,"Pre-Seed, Seed",,https://twitter.com/joeysolitro
John Serafini,Angel,,"Developer Tools, Data","Pre-Seed, Seed",https://www.linkedin.com/in/john-serafini-950793a,https://twitter.com/hawkeye360ceo
Julius Python 🍇,VC - Small fund,,AI/ML,"Pre-Seed, Seed",,https://twitter.com/juliuspython
Justin Lee,Angel,,"SaaS, Healthcare","Pre-Seed, Seed",https://linkedin.com/in/justin1ee,https://twitter.com/justin01805921
Lucas Krump,Angel,,Technology,Growth,https://www.linkedin.com/in/lucaskrump/,https://twitter.com/lwkrump
Lucca Ruggieri,Angel,,AI/ML,"Pre-Seed, Seed",https://www.linkedin.com/in/lucca-ruggieri-a00bb018b,https://twitter.com/lucca_ruggieri
Marie Schildt,VC - Small fund,,"AI/ML, Developer Tools","Pre-Seed, Seed",https://www.linkedin.com/in/marie-schildt,https://twitter.com/schildtmarie
Marwan Refaat,Angel,,"AI/ML, Developer Tools","Pre-Seed, Seed",https://www.linkedin.com/in/marwanrefaat/,https://twitter.com/marwanrefaat
Matthieu Schulz,Angel,,AI/ML,"Pre-Seed, Seed",https://linkedin.com/in/matthieuschulz,https://twitter.com/matthieuschulz
Matvey Kukuy,Angel,,Technology,"Pre-Seed, Seed",https://www.linkedin.com/in/motakuk/,https://twitter.com/mkukkk
Max Keenan,Angel,,Fintech,"Pre-Seed, Seed",https://www.linkedin.com/in/max-keenan-4a577a137/,https://twitter.com/maxkeenan3
Nicolas Kopp,Angel,,Technology,"Pre-Seed, Seed",https://www.linkedin.com/in/nicolas-kopp/,https://twitter.com/nicckopp
nicolò boggian,Angel,,AI/ML,"Pre-Seed, Seed",https://www.linkedin.com/in/nicolò-boggian-a645434/,https://twitter.com/nboggian
nischal jain,Angel,,"AI/ML, Fintech","Pre-Seed, Seed",https://linkedin.com/in/nischalj10,https://twitter.com/nischalj10
Paola Peraza,Angel,,Technology,Growth,https://linkedin.com/in/paola-peraza-calderon,https://twitter.com/paolapal00za
Paul J. McCain,Angel,,Technology,"Pre-Seed, Seed",https://www.linkedin.com/in/pauljmccain,https://twitter.com/pauljmccain
Pennie Li,Angel,,Technology,"Pre-Seed, Seed",https://linkedin.com/in/pennieli,https://twitter.com/pennepastaa
Rafael Garcia,Angel,,Technology,"Pre-Seed, Seed",https://www.linkedin.com/in/rafgarcia/,https://twitter.com/rfgarcia
Razing Plato,VC - Small fund,,Technology,"Pre-Seed, Seed",,https://twitter.com/razingplato06
sarick.ip,Angel,,"AI/ML, Fintech","Pre-Seed, Seed",,https://twitter.com/sarickshah
Serena Yan,VC - Small fund,,Developer Tools,"Pre-Seed, Seed",,https://twitter.com/ysl_serena
Si Zhang,Angel,,Consumer,"Pre-Seed, Seed",,https://twitter.com/ronghanzhang
Sophisticated Investor,VC - Small fund,,"AI/ML, Fintech","Pre-Seed, Seed",,https://twitter.com/ickmaster
Stella Mittelweg,VC - Small fund,,AI/ML,"Pre-Seed, Seed",,https://twitter.com/stellamittelweg
Stochy,Angel,,"AI/ML, Fintech","Pre-Seed, Seed",,https://twitter.com/stochasticghost
Taha Biyikli,Angel,,Security,"Pre-Seed, Seed",https://www.linkedin.com/in/tahabiyikli/,https://twitter.com/tahabiyikli
Tanmay 🤓,Angel,,AI/ML,"Pre-Seed, Seed",https://uk.linkedin.com/in/tanmay-jain-4a516083,https://twitter.com/tanmay_jain_
TheValueist,VC - Small fund,,"Fintech, Climate/Energy","Pre-Seed, Seed",,https://twitter.com/thevalueist
Thor Clark,Angel,,Healthcare,"Pre-Seed, Seed",https://linkedin.com/in/thorclark,https://twitter.com/thorclark
Tyler Crown 👑,VC - Small fund,,"AI/ML, Fintech, SaaS","Pre-Seed, Seed",,https://twitter.com/rtylercrown
Umesh Khanna 🇨🇦🇺🇸,Angel,,AI/ML,"Pre-Seed, Seed",https://www.linkedin.com/in/umeshkhanna/,https://twitter.com/forwarddeploy
Vedant Khanna,Angel,,Technology,"Pre-Seed, Seed",https://www.linkedin.com/in/vedant-khanna,https://twitter.com/vedant__khanna
Vidu Shanmugarajah,VC - Small fund,,Healthcare,"Pre-Seed, Seed",https://linkedin.com/in/vidurajah-b8,https://twitter.com/vidushanmug
Viraj Parekh,Angel,,Data,"Pre-Seed, Seed",https://www.linkedin.com/in/viraj-parekh-46114689/,https://twitter.com/viraj_parekh_
William Genesen,VC - Small fund,,Technology,Growth,https://www.linkedin.com/in/william-genesen,https://twitter.com/wgenesen
list d-pad-small'> <a href='/funds/02x6-capital' class='text-color-1'> <i class='fas fa-user-tie fa-fw r-pad-small'></i>X02X,VC - Small fund,,Technology / Venture Capital,"Seed, Early Stage",,
list d-pad-small'> <a href='/funds/5am-ventures' class='text-color-1'> <i class='fas fa-user-tie fa-fw r-pad-small'></i>5AM Ventures,VC - Medium-Sized Fund,,Technology / Venture Capital,"Seed, Early Stage",,
list d-pad-small'> <a href='/funds/5square-committed-capital' class='text-color-1'> <i class='fas fa-user-tie fa-fw r-pad-small'></i>5square Committed Capital,VC - Small fund,,Technology / Venture Capital,"Seed, Early Stage",,
list d-pad-small'> <a href='/funds/808-ventures' class='text-color-1'> <i class='fas fa-user-tie fa-fw r-pad-small'></i>808 Ventures,VC - Small fund,,Technology / Venture Capital,"Seed, Early Stage",,
list d-pad-small'> <a href='/funds/83north' class='text-color-1'> <i class='fas fa-user-tie fa-fw r-pad-small'></i>83North,VC - Small fund,,Technology / Venture Capital,"Seed, Early Stage",,
list d-pad-small'> <a href='/funds/88-green-ventures' class='text-color-1'> <i class='fas fa-user-tie fa-fw r-pad-small'></i>88 Green Ventures,VC - Small fund,,Technology / Venture Capital,"Seed, Early Stage",,
list d-pad-small'> <a href='/funds/8vc' class='text-color-1'> <i class='fas fa-user-tie fa-fw r-pad-small'></i>8VC,VC - Big fund,,Technology / Venture Capital,Multi-stage,,
list d-pad-small'> <a href='/funds/aaric' class='text-color-1'> <i class='fas fa-user-tie fa-fw r-pad-small'></i>AARIC,VC - Small fund,,Technology / Venture Capital,"Seed, Early Stage",,
list d-pad-small'> <a href='/funds/accel-partners' class='text-color-1'> <i class='fas fa-user-tie fa-fw r-pad-small'></i>Accel Partners,VC - Big fund,,Technology / Venture Capital,Multi-stage,,
list d-pad-small'> <a href='/funds/acumen-ventures' class='text-color-1'> <i class='fas fa-user-tie fa-fw r-pad-small'></i>Acumen Ventures,VC - Small fund,,Technology / Venture Capital,"Seed, Early Stage",,
list d-pad-small'> <a href='/funds/addventure-fund' class='text-color-1'> <i class='fas fa-user-tie fa-fw r-pad-small'></i>Addventure Fund,VC - Small fund,,Technology / Venture Capital,"Seed, Early Stage",,
list d-pad-small'> <a href='/funds/addventure-fund-2' class='text-color-1'> <i class='fas fa-user-tie fa-fw r-pad-small'></i>Addventure Fund,VC - Small fund,,Technology / Venture Capital,"Seed, Early Stage",,
list d-pad-small'> <a href='/funds/ade-fine-art-fund-90' class='text-color-1'> <i class='fas fa-user-tie fa-fw r-pad-small'></i>ADE Fine Art Fund 90,VC - Small fund,,Technology / Venture Capital,"Seed, Early Stage",,
list d-pad-small'> <a href='/funds/aera-vc' class='text-color-1'> <i class='fas fa-user-tie fa-fw r-pad-small'></i>Aera VC,VC - Small fund,,Technology / Venture Capital,"Seed, Early Stage",,
list d-pad-small'> <a href='/funds/afterwork-ventures' class='text-color-1'> <i class='fas fa-user-tie fa-fw r-pad-small'></i>AfterWork Ventures,VC - Small fund,,Technology / Venture Capital,"Seed, Early Stage",,
list d-pad-small'> <a href='/funds/agfunder' class='text-color-1'> <i class='fas fa-user-tie fa-fw r-pad-small'></i>AgFunder,VC - Small fund,,Technology / Venture Capital,"Seed, Early Stage",,
list d-pad-small'> <a href='/funds/airtree-ventures' class='text-color-1'> <i class='fas fa-user-tie fa-fw r-pad-small'></i>AirTree Ventures,VC - Small fund,,Technology / Venture Capital,"Seed, Early Stage",,
list d-pad-small'> <a href='/funds/alchemy-ventures' class='text-color-1'> <i class='fas fa-user-tie fa-fw r-pad-small'></i>Alchemy Ventures,VC - Small fund,,Technology / Venture Capital,"Seed, Early Stage",,
list d-pad-small'> <a href='/funds/alcor-fund' class='text-color-1'> <i class='fas fa-user-tie fa-fw r-pad-small'></i>Alcor Fund,VC - Small fund,,Technology / Venture Capital,"Seed, Early Stage",,
list d-pad-small'> <a href='/funds/aleph-vc' class='text-color-1'> <i class='fas fa-user-tie fa-fw r-pad-small'></i>Aleph VC,VC - Small fund,,Technology / Venture Capital,"Seed, Early Stage",,
list d-pad-small'> <a href='/funds/allectus-capital' class='text-color-1'> <i class='fas fa-user-tie fa-fw r-pad-small'></i>Allectus Capital,VC - Small fund,,Technology / Venture Capital,"Seed, Early Stage",,
list d-pad-small'> <a href='/funds/ally-bridge-group' class='text-color-1'> <i class='fas fa-user-tie fa-fw r-pad-small'></i>Ally Bridge Group,VC - Big fund,,Technology / Venture Capital,Multi-stage,,
list d-pad-small'> <a href='/funds/alta-partners' class='text-color-1'> <i class='fas fa-user-tie fa-fw r-pad-small'></i>Alta Partners,VC - Small fund,,Technology / Venture Capital,"Seed, Early Stage",,
list d-pad-small'> <a href='/funds/alto-partners-multi-family-office' class='text-color-1'> <i class='fas fa-user-tie fa-fw r-pad-small'></i>Alto Partners Multi-Family Office,VC - Small fund,,Technology / Venture Capital,"Seed, Early Stage",,
list d-pad-small'> <a href='/funds/alumni-ventures-group' class='text-color-1'> <i class='fas fa-user-tie fa-fw r-pad-small'></i>Alumni Ventures Group,VC - Big fund,,Technology / Venture Capital,Multi-stage,,
list d-pad-small'> <a href='/funds/andreessen-horowitz' class='text-color-1'> <i class='fas fa-user-tie fa-fw r-pad-small'></i>Andreessen Horowitz,VC - Big fund,,Technology / Venture Capital,Multi-stage,,
list d-pad-small'> <a href='/funds/anthemis' class='text-color-1'> <i class='fas fa-user-tie fa-fw r-pad-small'></i>Anthemis,VC - Big fund,,Technology / Venture Capital,Multi-stage,,
list d-pad-small'> <a href='/funds/antler' class='text-color-1'> <i class='fas fa-user-tie fa-fw r-pad-small'></i>Antler Australia,VC - Small fund,,Technology / Venture Capital,"Seed, Early Stage",,
list d-pad-small'> <a href='/funds/ap-ventures' class='text-color-1'> <i class='fas fa-user-tie fa-fw r-pad-small'></i>AP Ventures,VC - Small fund,,Technology / Venture Capital,"Seed, Early Stage",,
list d-pad-small'> <a href='/funds/apex-capital' class='text-color-1'> <i class='fas fa-user-tie fa-fw r-pad-small'></i>Apex Capital,VC - Small fund,,Technology / Venture Capital,"Seed, Early Stage",,
list d-pad-small'> <a href='/funds/arc-vc' class='text-color-1'> <i class='fas fa-user-tie fa-fw r-pad-small'></i>Arc VC,VC - Small fund,,Technology / Venture Capital,"Seed, Early Stage",,
list d-pad-small'> <a href='/funds/arcolf-capital-advisors-pvt-ltd' class='text-color-1'> <i class='fas fa-user-tie fa-fw r-pad-small'></i>ARCOLF CAPITAL ADVISORS PVT LTD,VC - Small fund,,Technology / Venture Capital,"Seed, Early Stage",,
list d-pad-small'> <a href='/funds/arowana-growth-fund' class='text-color-1'> <i class='fas fa-user-tie fa-fw r-pad-small'></i>Arowana Growth Fund,VC - Small fund,,Technology / Venture Capital,"Seed, Early Stage",,
list d-pad-small'> <a href='/funds/arrebol-capital' class='text-color-1'> <i class='fas fa-user-tie fa-fw r-pad-small'></i>Arrebol Capital,VC - Small fund,,Technology / Venture Capital,"Seed, Early Stage",,
list d-pad-small'> <a href='/funds/artesian-capital' class='text-color-1'> <i class='fas fa-user-tie fa-fw r-pad-small'></i>Artesian Venture Partners,VC - Small fund,,Technology / Venture Capital,"Seed, Early Stage",,
list d-pad-small'> <a href='/funds/aspect-ventures' class='text-color-1'> <i class='fas fa-user-tie fa-fw r-pad-small'></i>Aspect Ventures,VC - Small fund,,Technology / Venture Capital,"Seed, Early Stage",,
list d-pad-small'> <a href='/funds/atech-capital' class='text-color-1'> <i class='fas fa-user-tie fa-fw r-pad-small'></i>Atech Capital,VC - Small fund,,Technology / Venture Capital,"Seed, Early Stage",,
list d-pad-small'> <a href='/funds/atlas-venture' class='text-color-1'> <i class='fas fa-user-tie fa-fw r-pad-small'></i>Atlas Venture,VC - Medium-Sized Fund,,Technology / Venture Capital,"Seed, Early Stage",,
list d-pad-small'> <a href='/funds/atomico-ventures' class='text-color-1'> <i class='fas fa-user-tie fa-fw r-pad-small'></i>Atomico Ventures,VC - Big fund,,Technology / Venture Capital,Multi-stage,,
list d-pad-small'> <a href='/funds/aucific-global-fund' class='text-color-1'> <i class='fas fa-user-tie fa-fw r-pad-small'></i>,VC - Small fund,,Technology / Venture Capital,"Seed, Early Stage",,
list d-pad-small'> <a href='/funds/august-capital' class='text-color-1'> <i class='fas fa-user-tie fa-fw r-pad-small'></i>August Capital,VC - Big fund,,Technology / Venture Capital,Multi-stage,,
list d-pad-small'> <a href='/funds/aura-venture-fund' class='text-color-1'> <i class='fas fa-user-tie fa-fw r-pad-small'></i>Aura Venture Fund,VC - Small fund,,Technology / Venture Capital,"Seed, Early Stage",,
list d-pad-small'> <a href='/funds/austech-founders-fund' class='text-color-1'> <i class='fas fa-user-tie fa-fw r-pad-small'></i>Austech Founders Fund,VC - Small fund,,Technology / Venture Capital,"Seed, Early Stage",,
list d-pad-small'> <a href='/funds/b-capital-group' class='text-color-1'> <i class='fas fa-user-tie fa-fw r-pad-small'></i>B Capital Group,VC - Small fund,,Technology / Venture Capital,"Seed, Early Stage",,
list d-pad-small'> <a href='/funds/bailador' class='text-color-1'> <i class='fas fa-user-tie fa-fw r-pad-small'></i>Bailador,VC - Small fund,,Technology / Venture Capital,"Seed, Early Stage",,
list d-pad-small'> <a href='/funds/bain-capital' class='text-color-1'> <i class='fas fa-user-tie fa-fw r-pad-small'></i>Bain Capital,VC - Big fund,,Technology / Venture Capital,Multi-stage,,
list d-pad-small'> <a href='/funds/bain-capital-ventures' class='text-color-1'> <i class='fas fa-user-tie fa-fw r-pad-small'></i>Bain Capital Ventures,VC - Big fund,,Technology / Venture Capital,Multi-stage,,
list d-pad-small'> <a href='/funds/balderton-capital' class='text-color-1'> <i class='fas fa-user-tie fa-fw r-pad-small'></i>Balderton Capital,VC - Big fund,,Technology / Venture Capital,Multi-stage,,
list d-pad-small'> <a href='/funds/baseline-ventures' class='text-color-1'> <i class='fas fa-user-tie fa-fw r-pad-small'></i>Baseline Ventures,VC - Small fund,,Technology / Venture Capital,"Seed, Early Stage",,
list d-pad-small'> <a href='/funds/battery-ventures' class='text-color-1'> <i class='fas fa-user-tie fa-fw r-pad-small'></i>Battery Ventures,VC - Big fund,,Technology / Venture Capital,Multi-stage,,
list d-pad-small'> <a href='/funds/belay-capital-pty-limited' class='text-color-1'> <i class='fas fa-user-tie fa-fw r-pad-small'></i>Belay Capital,VC - Small fund,,Technology / Venture Capital,"Seed, Early Stage",,
list d-pad-small'> <a href='/funds/benchmark-capital' class='text-color-1'> <i class='fas fa-user-tie fa-fw r-pad-small'></i>Benchmark Capital,VC - Big fund,,Technology / Venture Capital,Multi-stage,,
list d-pad-small'> <a href='/funds/bessemer-venture-partners' class='text-color-1'> <i class='fas fa-user-tie fa-fw r-pad-small'></i>Bessemer Venture Partners,VC - Big fund,,Technology / Venture Capital,Multi-stage,,
list d-pad-small'> <a href='/funds/betaworks' class='text-color-1'> <i class='fas fa-user-tie fa-fw r-pad-small'></i>Betaworks,VC - Small fund,,Technology / Venture Capital,"Seed, Early Stage",,
list d-pad-small'> <a href='/funds/bill-and-melinda-gates-investments' class='text-color-1'> <i class='fas fa-user-tie fa-fw r-pad-small'></i>BMGI et Cascade Investments,VC - Big fund,,Technology / Venture Capital,Multi-stage,,
list d-pad-small'> <a href='/funds/bioscience-equity-partners-pty-ltd' class='text-color-1'> <i class='fas fa-user-tie fa-fw r-pad-small'></i>Antisoma Venture Capital Fund,VC - Medium-Sized Fund,,Technology / Venture Capital,"Seed, Early Stage",,
list d-pad-small'> <a href='/funds/bioscience-managers' class='text-color-1'> <i class='fas fa-user-tie fa-fw r-pad-small'></i>Bioscience Managers,VC - Small fund,,Technology / Venture Capital,"Seed, Early Stage",,
list d-pad-small'> <a href='/funds/blackbird-ventures' class='text-color-1'> <i class='fas fa-user-tie fa-fw r-pad-small'></i>Blackbird Ventures,VC - Medium-Sized Fund,,Technology / Venture Capital,"Seed, Early Stage",,
list d-pad-small'> <a href='/funds/bloomberg-beta' class='text-color-1'> <i class='fas fa-user-tie fa-fw r-pad-small'></i>Bloomberg Beta,VC - Small fund,,Technology / Venture Capital,"Seed, Early Stage",,
list d-pad-small'> <a href='/funds/blumberg-capital' class='text-color-1'> <i class='fas fa-user-tie fa-fw r-pad-small'></i>Blumberg Capital,VC - Medium-Sized Fund,,Technology / Venture Capital,"Seed, Early Stage",,
list d-pad-small'> <a href='/funds/bluocean' class='text-color-1'> <i class='fas fa-user-tie fa-fw r-pad-small'></i>BLUOCEAN,VC - Small fund,,Technology / Venture Capital,"Seed, Early Stage",,
list d-pad-small'> <a href='/funds/bmh-capital' class='text-color-1'> <i class='fas fa-user-tie fa-fw r-pad-small'></i>BMH Capital,VC - Small fund,,Technology / Venture Capital,"Seed, Early Stage",,
list d-pad-small'> <a href='/funds/brandon-capital-partners' class='text-color-1'> <i class='fas fa-user-tie fa-fw r-pad-small'></i>Brandon Capital Partners,VC - Medium-Sized Fund,,Technology / Venture Capital,"Seed, Early Stage",,
list d-pad-small'> <a href='/funds/breakthrough-energy-ventures' class='text-color-1'> <i class='fas fa-user-tie fa-fw r-pad-small'></i>Breakthrough Energy Ventures,VC - Big fund,,Technology / Venture Capital,Multi-stage,,
list d-pad-small'> <a href='/funds/bridgelane-group' class='text-color-1'> <i class='fas fa-user-tie fa-fw r-pad-small'></i>BridgeLane Group,VC - Small fund,,Technology / Venture Capital,"Seed, Early Stage",,
list d-pad-small'> <a href='/funds/brinc' class='text-color-1'> <i class='fas fa-user-tie fa-fw r-pad-small'></i>Brinc,VC - Small fund,,Technology / Venture Capital,"Seed, Early Stage",,
list d-pad-small'> <a href='/funds/brooklyn-bridge-ventures' class='text-color-1'> <i class='fas fa-user-tie fa-fw r-pad-small'></i>Brooklyn Bridge Ventures,VC - Small fund,,Technology / Venture Capital,"Seed, Early Stage",,
list d-pad-small'> <a href='/funds/bryant-stibel' class='text-color-1'> <i class='fas fa-user-tie fa-fw r-pad-small'></i>Bryant Stibel,VC - Small fund,,Technology / Venture Capital,"Seed, Early Stage",,
list d-pad-small'> <a href='/funds/business-development-funds' class='text-color-1'> <i class='fas fa-user-tie fa-fw r-pad-small'></i>Business Development funds,VC - Small fund,,Technology / Venture Capital,"Seed, Early Stage",,
list d-pad-small'> <a href='/funds/cadmon' class='text-color-1'> <i class='fas fa-user-tie fa-fw r-pad-small'></i>Cadmon,VC - Small fund,,Technology / Venture Capital,"Seed, Early Stage",,
list d-pad-small'> <a href='/funds/canaan-partners' class='text-color-1'> <i class='fas fa-user-tie fa-fw r-pad-small'></i>Canaan Partners,VC - Big fund,,Technology / Venture Capital,Multi-stage,,
list d-pad-small'> <a href='/funds/capitalpitch' class='text-color-1'> <i class='fas fa-user-tie fa-fw r-pad-small'></i>CP Ventures,VC - Small fund,,Technology / Venture Capital,"Seed, Early Stage",,
list d-pad-small'> <a href='/funds/cardinia-ventures' class='text-color-1'> <i class='fas fa-user-tie fa-fw r-pad-small'></i>Cardinia Ventures,VC - Small fund,,Technology / Venture Capital,"Seed, Early Stage",,
"list d-pad-small'> <a href='/funds/carmucho-inc' class='text-color-1'> <i class='fas fa-user-tie fa-fw r-pad-small'></i>CarMucho, Inc.",VC - Small fund,,Technology / Venture Capital,"Seed, Early Stage",,
list d-pad-small'> <a href='/funds/carthona-capital' class='text-color-1'> <i class='fas fa-user-tie fa-fw r-pad-small'></i>Carthona Capital,VC - Small fund,,Technology / Venture Capital,"Seed, Early Stage",,
list d-pad-small'> <a href='/funds/central-capital-ventura' class='text-color-1'> <i class='fas fa-user-tie fa-fw r-pad-small'></i>Central Capital Ventura,VC - Small fund,,Technology / Venture Capital,"Seed, Early Stage",,
list d-pad-small'> <a href='/funds/cocoon-capital' class='text-color-1'> <i class='fas fa-user-tie fa-fw r-pad-small'></i>Cocoon Capital,VC - Small fund,,Technology / Venture Capital,"Seed, Early Stage",,
list d-pad-small'> <a href='/funds/columbia-capital' class='text-color-1'> <i class='fas fa-user-tie fa-fw r-pad-small'></i>Columbia Capital,VC - Medium-Sized Fund,,Technology / Venture Capital,"Seed, Early Stage",,
list d-pad-small'> <a href='/funds/comval' class='text-color-1'> <i class='fas fa-user-tie fa-fw r-pad-small'></i>Comval,VC - Small fund,,Technology / Venture Capital,"Seed, Early Stage",,
list d-pad-small'> <a href='/funds/connect-ventures' class='text-color-1'> <i class='fas fa-user-tie fa-fw r-pad-small'></i>Connect Ventures,VC - Small fund,,Technology / Venture Capital,"Seed, Early Stage",,
list d-pad-small'> <a href='/funds/constant-innovation' class='text-color-1'> <i class='fas fa-user-tie fa-fw r-pad-small'></i>Constant Innovation,VC - Small fund,,Technology / Venture Capital,"Seed, Early Stage",,
list d-pad-small'> <a href='/funds/correlation-ventures' class='text-color-1'> <i class='fas fa-user-tie fa-fw r-pad-small'></i>Correlation Ventures,VC - Small fund,,Technology / Venture Capital,"Seed, Early Stage",,
list d-pad-small'> <a href='/funds/courtside-vc' class='text-color-1'> <i class='fas fa-user-tie fa-fw r-pad-small'></i>Courtside VC,VC - Small fund,,Technology / Venture Capital,"Seed, Early Stage",,
list d-pad-small'> <a href='/funds/craft-ventures' class='text-color-1'> <i class='fas fa-user-tie fa-fw r-pad-small'></i>Craft Ventures,VC - Small fund,,Technology / Venture Capital,"Seed, Early Stage",,
list d-pad-small'> <a href='/funds/crane-venture-partners' class='text-color-1'> <i class='fas fa-user-tie fa-fw r-pad-small'></i>Crane Venture Partners,VC - Small fund,,Technology / Venture Capital,"Seed, Early Stage",,
list d-pad-small'> <a href='/funds/detroit-venture-partners' class='text-color-1'> <i class='fas fa-user-tie fa-fw r-pad-small'></i>Detroit Venture Partners,VC - Small fund,,Technology / Venture Capital,"Seed, Early Stage",,
list d-pad-small'> <a href='/funds/dexzbitz-ventaure-capital' class='text-color-1'> <i class='fas fa-user-tie fa-fw r-pad-small'></i>DXX,VC - Small fund,,Technology / Venture Capital,"Seed, Early Stage",,
list d-pad-small'> <a href='/funds/digitaldx-ventures' class='text-color-1'> <i class='fas fa-user-tie fa-fw r-pad-small'></i>DigitalDx Ventures,VC - Small fund,,Technology / Venture Capital,"Seed, Early Stage",,
list d-pad-small'> <a href='/funds/divergent-venture-partners' class='text-color-1'> <i class='fas fa-user-tie fa-fw r-pad-small'></i>Divergent Venture Partners,VC - Small fund,,Technology / Venture Capital,"Seed, Early Stage",,
list d-pad-small'> <a href='/funds/draper-fisher-jurvetson' class='text-color-1'> <i class='fas fa-user-tie fa-fw r-pad-small'></i>Draper Fisher Jurvetson,VC - Big fund,,Technology / Venture Capital,Multi-stage,,
list d-pad-small'> <a href='/funds/dreamoro-ventures-fund-1' class='text-color-1'> <i class='fas fa-user-tie fa-fw r-pad-small'></i>Dreamoro Ventures Fund 1,VC - Small fund,,Technology / Venture Capital,"Seed, Early Stage",,
list d-pad-small'> <a href='/funds/east-ventures' class='text-color-1'> <i class='fas fa-user-tie fa-fw r-pad-small'></i>East Ventures,VC - Small fund,,Technology / Venture Capital,"Seed, Early Stage",,
list d-pad-small'> <a href='/funds/edison-partners' class='text-color-1'> <i class='fas fa-user-tie fa-fw r-pad-small'></i>Edison Partners,VC - Big fund,,Technology / Venture Capital,Multi-stage,,
list d-pad-small'> <a href='/funds/eight-roads' class='text-color-1'> <i class='fas fa-user-tie fa-fw r-pad-small'></i>Eight Roads,VC - Small fund,,Technology / Venture Capital,"Seed, Early Stage",,
list d-pad-small'> <a href='/funds/element-8-ventures' class='text-color-1'> <i class='fas fa-user-tie fa-fw r-pad-small'></i>Element 8 Ventures,VC - Small fund,,Technology / Venture Capital,"Seed, Early Stage",,
list d-pad-small'> <a href='/funds/elephant-partners' class='text-color-1'> <i class='fas fa-user-tie fa-fw r-pad-small'></i>Elephant Partners,VC - Medium-Sized Fund,,Technology / Venture Capital,"Seed, Early Stage",,
list d-pad-small'> <a href='/funds/ellerston-jaade-growth-fund' class='text-color-1'> <i class='fas fa-user-tie fa-fw r-pad-small'></i>Ellerston JAADE Growth Fund,VC - Small fund,,Technology / Venture Capital,"Seed, Early Stage",,
list d-pad-small'> <a href='/funds/ellerston-ventures' class='text-color-1'> <i class='fas fa-user-tie fa-fw r-pad-small'></i>Ellerston Ventures,VC - Small fund,,Technology / Venture Capital,"Seed, Early Stage",,
list d-pad-small'> <a href='/funds/embryo-ventures' class='text-color-1'> <i class='fas fa-user-tie fa-fw r-pad-small'></i>Embryo Ventures,VC - Small fund,,Technology / Venture Capital,"Seed, Early Stage",,
list d-pad-small'> <a href='/funds/emergence-capital' class='text-color-1'> <i class='fas fa-user-tie fa-fw r-pad-small'></i>Emergence Capital,VC - Big fund,,Technology / Venture Capital,Multi-stage,,
list d-pad-small'> <a href='/funds/entree-capital' class='text-color-1'> <i class='fas fa-user-tie fa-fw r-pad-small'></i>Entree Capital,VC - Small fund,,Technology / Venture Capital,"Seed, Early Stage",,
list d-pad-small'> <a href='/funds/episode1-ventures' class='text-color-1'> <i class='fas fa-user-tie fa-fw r-pad-small'></i>Episode1 Ventures,VC - Small fund,,Technology / Venture Capital,"Seed, Early Stage",,
list d-pad-small'> <a href='/funds/eqt-ventures' class='text-color-1'> <i class='fas fa-user-tie fa-fw r-pad-small'></i>EQT Ventures,VC - Medium-Sized Fund,,Technology / Venture Capital,"Seed, Early Stage",,
list d-pad-small'> <a href='/funds/equity-venture-partners-evp' class='text-color-1'> <i class='fas fa-user-tie fa-fw r-pad-small'></i>Equity Venture Partners (EVP),VC - Medium-Sized Fund,,Technology / Venture Capital,"Seed, Early Stage",,
list d-pad-small'> <a href='/funds/era-vc' class='text-color-1'> <i class='fas fa-user-tie fa-fw r-pad-small'></i>Era VC,VC - Small fund,,Technology / Venture Capital,"Seed, Early Stage",,
list d-pad-small'> <a href='/funds/exto-partners' class='text-color-1'> <i class='fas fa-user-tie fa-fw r-pad-small'></i>Exto Partners,VC - Small fund,,Technology / Venture Capital,"Seed, Early Stage",,
list d-pad-small'> <a href='/funds/felicis-ventures' class='text-color-1'> <i class='fas fa-user-tie fa-fw r-pad-small'></i>Felicis Ventures,VC - Medium-Sized Fund,,Technology / Venture Capital,"Seed, Early Stage",,
list d-pad-small'> <a href='/funds/ff-venture-capital' class='text-color-1'> <i class='fas fa-user-tie fa-fw r-pad-small'></i>ff Venture Capital,VC - Small fund,,Technology / Venture Capital,"Seed, Early Stage",,
list d-pad-small'> <a href='/funds/first-round-capital' class='text-color-1'> <i class='fas fa-user-tie fa-fw r-pad-small'></i>First Round Capital,VC - Small fund,,Technology / Venture Capital,"Seed, Early Stage",,
list d-pad-small'> <a href='/funds/firstmark-capital' class='text-color-1'> <i class='fas fa-user-tie fa-fw r-pad-small'></i>FirstMark Capital,VC - Medium-Sized Fund,,Technology / Venture Capital,"Seed, Early Stage",,
list d-pad-small'> <a href='/funds/folklore-vc' class='text-color-1'> <i class='fas fa-user-tie fa-fw r-pad-small'></i>Folklore (formerly Tempus Partners),VC - Small fund,,Technology / Venture Capital,"Seed, Early Stage",,
list d-pad-small'> <a href='/funds/follow-[the]-seed' class='text-color-1'> <i class='fas fa-user-tie fa-fw r-pad-small'></i>Follow [the] Seed,VC - Small fund,,Technology / Venture Capital,"Seed, Early Stage",,
list d-pad-small'> <a href='/funds/forerunner-ventures' class='text-color-1'> <i class='fas fa-user-tie fa-fw r-pad-small'></i>Forerunner Ventures,VC - Medium-Sized Fund,,Technology / Venture Capital,"Seed, Early Stage",,
list d-pad-small'> <a href='/funds/formula-vc' class='text-color-1'> <i class='fas fa-user-tie fa-fw r-pad-small'></i>Formula VC,VC - Small fund,,Technology / Venture Capital,"Seed, Early Stage",,
list d-pad-small'> <a href='/funds/forum-ventures' class='text-color-1'> <i class='fas fa-user-tie fa-fw r-pad-small'></i>Forum Ventures,VC - Small fund,,Technology / Venture Capital,"Seed, Early Stage",,
list d-pad-small'> <a href='/funds/forward-echelon-venture-capital' class='text-color-1'> <i class='fas fa-user-tie fa-fw r-pad-small'></i>FINX,VC - Small fund,,Technology / Venture Capital,"Seed, Early Stage",,
list d-pad-small'> <a href='/funds/founders-fund' class='text-color-1'> <i class='fas fa-user-tie fa-fw r-pad-small'></i>Founders Fund,VC - Big fund,,Technology / Venture Capital,Multi-stage,,
list d-pad-small'> <a href='/funds/foundry-group' class='text-color-1'> <i class='fas fa-user-tie fa-fw r-pad-small'></i>Foundry Group,VC - Big fund,,Technology / Venture Capital,Multi-stage,,
list d-pad-small'> <a href='/funds/fresco-capital' class='text-color-1'> <i class='fas fa-user-tie fa-fw r-pad-small'></i>Fresco Capital,VC - Small fund,,Technology / Venture Capital,"Seed, Early Stage",,
list d-pad-small'> <a href='/funds/frontier-ventures' class='text-color-1'> <i class='fas fa-user-tie fa-fw r-pad-small'></i>Frontier Ventures,VC - Small fund,,Technology / Venture Capital,"Seed, Early Stage",,
list d-pad-small'> <a href='/funds/fuel-ventures' class='text-color-1'> <i class='fas fa-user-tie fa-fw r-pad-small'></i>Fuel Ventures,VC - Small fund,,Technology / Venture Capital,"Seed, Early Stage",,
list d-pad-small'> <a href='/funds/full-circle' class='text-color-1'> <i class='fas fa-user-tie fa-fw r-pad-small'></i>Full Circle,VC - Small fund,,Technology / Venture Capital,"Seed, Early Stage",,
list d-pad-small'> <a href='/funds/g2c-venture-partners' class='text-color-1'> <i class='fas fa-user-tie fa-fw r-pad-small'></i>G2C Venture Partners,VC - Small fund,,Technology / Venture Capital,"Seed, Early Stage",,
list d-pad-small'> <a href='/funds/galileo-ventures' class='text-color-1'> <i class='fas fa-user-tie fa-fw r-pad-small'></i>Galileo Ventures,VC - Small fund,,Technology / Venture Capital,"Seed, Early Stage",,
list d-pad-small'> <a href='/funds/general-atlantic' class='text-color-1'> <i class='fas fa-user-tie fa-fw r-pad-small'></i>General Atlantic,VC - Big fund,,Technology / Venture Capital,Multi-stage,,
list d-pad-small'> <a href='/funds/general-catalyst' class='text-color-1'> <i class='fas fa-user-tie fa-fw r-pad-small'></i>General Catalyst,VC - Big fund,,Technology / Venture Capital,Multi-stage,,
list d-pad-small'> <a href='/funds/genesis-alternative-ventures' class='text-color-1'> <i class='fas fa-user-tie fa-fw r-pad-small'></i>Genesis Alternative Ventures,VC - Small fund,,Technology / Venture Capital,"Seed, Early Stage",,
list d-pad-small'> <a href='/funds/ggv-capital' class='text-color-1'> <i class='fas fa-user-tie fa-fw r-pad-small'></i>GGV Capital,VC - Big fund,,Technology / Venture Capital,Multi-stage,,
list d-pad-small'> <a href='/funds/giant-leap-fund' class='text-color-1'> <i class='fas fa-user-tie fa-fw r-pad-small'></i>Giant Leap Fund,VC - Small fund,,Technology / Venture Capital,"Seed, Early Stage",,
list d-pad-small'> <a href='/funds/global-capital-property-fund' class='text-color-1'> <i class='fas fa-user-tie fa-fw r-pad-small'></i>Global Capital Property Fund,VC - Small fund,,Technology / Venture Capital,"Seed, Early Stage",,
list d-pad-small'> <a href='/funds/golden-gate-ventures' class='text-color-1'> <i class='fas fa-user-tie fa-fw r-pad-small'></i>Golden Gate Ventures,VC - Small fund,,Technology / Venture Capital,"Seed, Early Stage",,
list d-pad-small'> <a href='/funds/gradient-ventures' class='text-color-1'> <i class='fas fa-user-tie fa-fw r-pad-small'></i>Gradient Ventures,VC - Big fund,,Technology / Venture Capital,Multi-stage,,
list d-pad-small'> <a href='/funds/graphene-ventures' class='text-color-1'> <i class='fas fa-user-tie fa-fw r-pad-small'></i>Graphene Ventures,VC - Small fund,,Technology / Venture Capital,"Seed, Early Stage",,
list d-pad-small'> <a href='/funds/great-oaks-venture-capital' class='text-color-1'> <i class='fas fa-user-tie fa-fw r-pad-small'></i>Great Oaks Venture Capital,VC - Small fund,,Technology / Venture Capital,"Seed, Early Stage",,
list d-pad-small'> <a href='/funds/greenspring-associates' class='text-color-1'> <i class='fas fa-user-tie fa-fw r-pad-small'></i>Greenspring Associates,VC - Big fund,,Technology / Venture Capital,Multi-stage,,
list d-pad-small'> <a href='/funds/greycroft-partners' class='text-color-1'> <i class='fas fa-user-tie fa-fw r-pad-small'></i>Greycroft Partners,VC - Medium-Sized Fund,,Technology / Venture Capital,"Seed, Early Stage",,
list d-pad-small'> <a href='/funds/greylock-partners' class='text-color-1'> <i class='fas fa-user-tie fa-fw r-pad-small'></i>Greylock Partners,VC - Big fund,,Technology / Venture Capital,Multi-stage,,
list d-pad-small'> <a href='/funds/grok-ventures' class='text-color-1'> <i class='fas fa-user-tie fa-fw r-pad-small'></i>Grok Ventures,VC - Medium-Sized Fund,,Technology / Venture Capital,"Seed, Early Stage",,
list d-pad-small'> <a href='/funds/groundwork-capital' class='text-color-1'> <i class='fas fa-user-tie fa-fw r-pad-small'></i>Groundwork Capital,VC - Small fund,,Technology / Venture Capital,"Seed, Early Stage",,
list d-pad-small'> <a href='/funds/growth-path-investments' class='text-color-1'> <i class='fas fa-user-tie fa-fw r-pad-small'></i>Growth Path Investments,VC - Small fund,,Technology / Venture Capital,"Seed, Early Stage",,
list d-pad-small'> <a href='/funds/guinness-ventures' class='text-color-1'> <i class='fas fa-user-tie fa-fw r-pad-small'></i>Guinness Ventures,VC - Small fund,,Technology / Venture Capital,"Seed, Early Stage",,
list d-pad-small'> <a href='/funds/halogen-ventures' class='text-color-1'> <i class='fas fa-user-tie fa-fw r-pad-small'></i>Halogen Ventures,VC - Small fund,,Technology / Venture Capital,"Seed, Early Stage",,
list d-pad-small'> <a href='/funds/heartcore-capital' class='text-color-1'> <i class='fas fa-user-tie fa-fw r-pad-small'></i>Heartcore Capital,VC - Small fund,,Technology / Venture Capital,"Seed, Early Stage",,
list d-pad-small'> <a href='/funds/high-alpha-2' class='text-color-1'> <i class='fas fa-user-tie fa-fw r-pad-small'></i>High Alpha,VC - Small fund,,Technology / Venture Capital,"Seed, Early Stage",,
list d-pad-small'> <a href='/funds/highland-capital-partners' class='text-color-1'> <i class='fas fa-user-tie fa-fw r-pad-small'></i>Highland Capital Partners,VC - Big fund,,Technology / Venture Capital,Multi-stage,,
list d-pad-small'> <a href='/funds/hillhouse-capital-group' class='text-color-1'> <i class='fas fa-user-tie fa-fw r-pad-small'></i>Hillhouse Capital Group,VC - Big fund,,Technology / Venture Capital,Multi-stage,,
list d-pad-small'> <a href='/funds/horizons-ventures' class='text-color-1'> <i class='fas fa-user-tie fa-fw r-pad-small'></i>Horizons Ventures,VC - Small fund,,Technology / Venture Capital,"Seed, Early Stage",,
list d-pad-small'> <a href='/funds/hummingbird-ventures' class='text-color-1'> <i class='fas fa-user-tie fa-fw r-pad-small'></i>Hummingbird Ventures,VC - Small fund,,Technology / Venture Capital,"Seed, Early Stage",,
list d-pad-small'> <a href='/funds/icehouse-ventures' class='text-color-1'> <i class='fas fa-user-tie fa-fw r-pad-small'></i>Icehouse Ventures,VC - Small fund,,Technology / Venture Capital,"Seed, Early Stage",,
list d-pad-small'> <a href='/funds/iconiq-capital' class='text-color-1'> <i class='fas fa-user-tie fa-fw r-pad-small'></i>Iconiq Capital,VC - Big fund,,Technology / Venture Capital,Multi-stage,,
list d-pad-small'> <a href='/funds/ilona-capital' class='text-color-1'> <i class='fas fa-user-tie fa-fw r-pad-small'></i>Ilona Capital,VC - Small fund,,Technology / Venture Capital,"Seed, Early Stage",,
list d-pad-small'> <a href='/funds/impact-enterprise-fund-nz' class='text-color-1'> <i class='fas fa-user-tie fa-fw r-pad-small'></i>Impact Enterprise Fund NZ,VC - Small fund,,Technology / Venture Capital,"Seed, Early Stage",,
list d-pad-small'> <a href='/funds/impacta-vc' class='text-color-1'> <i class='fas fa-user-tie fa-fw r-pad-small'></i>Impacta VC,VC - Small fund,,Technology / Venture Capital,"Seed, Early Stage",,
list d-pad-small'> <a href='/funds/index-ventures' class='text-color-1'> <i class='fas fa-user-tie fa-fw r-pad-small'></i>Index Ventures,VC - Big fund,,Technology / Venture Capital,Multi-stage,,
list d-pad-small'> <a href='/funds/innovation-endeavors' class='text-color-1'> <i class='fas fa-user-tie fa-fw r-pad-small'></i>Innovation Endeavors,VC - Medium-Sized Fund,,Technology / Venture Capital,"Seed, Early Stage",,
list d-pad-small'> <a href='/funds/insight-venture-partners' class='text-color-1'> <i class='fas fa-user-tie fa-fw r-pad-small'></i>Insight Venture Partners,VC - Big fund,,Technology / Venture Capital,Multi-stage,,
list d-pad-small'> <a href='/funds/insignia-ventures-partners' class='text-color-1'> <i class='fas fa-user-tie fa-fw r-pad-small'></i>Insignia Ventures Partners,VC - Small fund,,Technology / Venture Capital,"Seed, Early Stage",,
list d-pad-small'> <a href='/funds/institutional-venture-partners' class='text-color-1'> <i class='fas fa-user-tie fa-fw r-pad-small'></i>Institutional Venture Partners,VC - Big fund,,Technology / Venture Capital,Multi-stage,,
list d-pad-small'> <a href='/funds/intel-capital' class='text-color-1'> <i class='fas fa-user-tie fa-fw r-pad-small'></i>Intel Capital,VC - Big fund,,Technology / Venture Capital,Multi-stage,,
list d-pad-small'> <a href='/funds/inventive-invest' class='text-color-1'> <i class='fas fa-user-tie fa-fw r-pad-small'></i>Inventive invest,VC - Small fund,,Technology / Venture Capital,"Seed, Early Stage",,
list d-pad-small'> <a href='/funds/investec-emerging-companies' class='text-color-1'> <i class='fas fa-user-tie fa-fw r-pad-small'></i>Investec Emerging Companies,VC - Small fund,,Technology / Venture Capital,"Seed, Early Stage",,
list d-pad-small'> <a href='/funds/investible-2' class='text-color-1'> <i class='fas fa-user-tie fa-fw r-pad-small'></i>Investible,VC - Small fund,,Technology / Venture Capital,"Seed, Early Stage",,
list d-pad-small'> <a href='/funds/iq-capital' class='text-color-1'> <i class='fas fa-user-tie fa-fw r-pad-small'></i>IQ Capital,VC - Small fund,,Technology / Venture Capital,"Seed, Early Stage",,
list d-pad-small'> <a href='/funds/jane-vc' class='text-color-1'> <i class='fas fa-user-tie fa-fw r-pad-small'></i>Jane VC,VC - Small fund,,Technology / Venture Capital,"Seed, Early Stage",,
list d-pad-small'> <a href='/funds/javelin-venture-partners' class='text-color-1'> <i class='fas fa-user-tie fa-fw r-pad-small'></i>Javelin Venture Partners,VC - Small fund,,Technology / Venture Capital,"Seed, Early Stage",,
list d-pad-small'> <a href='/funds/jelix' class='text-color-1'> <i class='fas fa-user-tie fa-fw r-pad-small'></i>Jelix,VC - Small fund,,Technology / Venture Capital,"Seed, Early Stage",,
list d-pad-small'> <a href='/funds/jerusalem-venture-partners' class='text-color-1'> <i class='fas fa-user-tie fa-fw r-pad-small'></i>Jerusalem Venture Partners,VC - Big fund,,Technology / Venture Capital,Multi-stage,,
list d-pad-small'> <a href='/funds/jgreen' class='text-color-1'> <i class='fas fa-user-tie fa-fw r-pad-small'></i>Palm oil production,VC - Big fund,,Technology / Venture Capital,Multi-stage,,
list d-pad-small'> <a href='/funds/k2-global-' class='text-color-1'> <i class='fas fa-user-tie fa-fw r-pad-small'></i>K2 Global,VC - Medium-Sized Fund,,Technology / Venture Capital,"Seed, Early Stage",,
list d-pad-small'> <a href='/funds/kadan-capital' class='text-color-1'> <i class='fas fa-user-tie fa-fw r-pad-small'></i>Kadan Capital,VC - Small fund,,Technology / Venture Capital,"Seed, Early Stage",,
list d-pad-small'> <a href='/funds/kadima-group' class='text-color-1'> <i class='fas fa-user-tie fa-fw r-pad-small'></i>Kadima Group,VC - Small fund,,Technology / Venture Capital,"Seed, Early Stage",,
list d-pad-small'> <a href='/funds/kaiser-permanente-ventures' class='text-color-1'> <i class='fas fa-user-tie fa-fw r-pad-small'></i>Kaiser Permanente Ventures,VC - Medium-Sized Fund,,Technology / Venture Capital,"Seed, Early Stage",,
list d-pad-small'> <a href='/funds/kapor-capital' class='text-color-1'> <i class='fas fa-user-tie fa-fw r-pad-small'></i>Kapor Capital,VC - Small fund,,Technology / Venture Capital,"Seed, Early Stage",,
list d-pad-small'> <a href='/funds/khosla-ventures' class='text-color-1'> <i class='fas fa-user-tie fa-fw r-pad-small'></i>Khosla Ventures,VC - Big fund,,Technology / Venture Capital,Multi-stage,,
list d-pad-small'> <a href='/funds/kinetic-investments' class='text-color-1'> <i class='fas fa-user-tie fa-fw r-pad-small'></i>Kinetic Investments,VC - Small fund,,Technology / Venture Capital,"Seed, Early Stage",,
list d-pad-small'> <a href='/funds/king-river-capital' class='text-color-1'> <i class='fas fa-user-tie fa-fw r-pad-small'></i>King River Capital,VC - Small fund,,Technology / Venture Capital,"Seed, Early Stage",,
list d-pad-small'> <a href='/funds/kishmish-ventures' class='text-color-1'> <i class='fas fa-user-tie fa-fw r-pad-small'></i>Kishmish Ventures,VC - Small fund,,Technology / Venture Capital,"Seed, Early Stage",,
list d-pad-small'> <a href='/funds/kleiner-perkins-caufield-byers' class='text-color-1'> <i class='fas fa-user-tie fa-fw r-pad-small'></i>Kleiner Perkins Caufield Byers,VC - Big fund,,Technology / Venture Capital,Multi-stage,,
list d-pad-small'> <a href='/funds/ktm-ventures' class='text-color-1'> <i class='fas fa-user-tie fa-fw r-pad-small'></i>KTM Ventures,VC - Small fund,,Technology / Venture Capital,"Seed, Early Stage",,
list d-pad-small'> <a href='/funds/lavrock-ventures' class='text-color-1'> <i class='fas fa-user-tie fa-fw r-pad-small'></i>Lavrock Ventures,VC - Small fund,,Technology / Venture Capital,"Seed, Early Stage",,
list d-pad-small'> <a href='/funds/lederer-group' class='text-color-1'> <i class='fas fa-user-tie fa-fw r-pad-small'></i>Lederer Group,VC - Medium-Sized Fund,,Technology / Venture Capital,"Seed, Early Stage",,
list d-pad-small'> <a href='/funds/lerer-hippeau' class='text-color-1'> <i class='fas fa-user-tie fa-fw r-pad-small'></i>Lerer Hippeau,VC - Small fund,,Technology / Venture Capital,"Seed, Early Stage",,
list d-pad-small'> <a href='/funds/life.sreda-vc' class='text-color-1'> <i class='fas fa-user-tie fa-fw r-pad-small'></i>Life.SREDA VC,VC - Small fund,,Technology / Venture Capital,"Seed, Early Stage",,
list d-pad-small'> <a href='/funds/lighthouse-canton' class='text-color-1'> <i class='fas fa-user-tie fa-fw r-pad-small'></i>Lighthouse Canton,VC - Big fund,,Technology / Venture Capital,Multi-stage,,
list d-pad-small'> <a href='/funds/lightspeed-venture-partners' class='text-color-1'> <i class='fas fa-user-tie fa-fw r-pad-small'></i>Lightspeed Venture Partners,VC - Big fund,,Technology / Venture Capital,Multi-stage,,
list d-pad-small'> <a href='/funds/localglobe' class='text-color-1'> <i class='fas fa-user-tie fa-fw r-pad-small'></i>LocalGlobe,VC - Small fund,,Technology / Venture Capital,"Seed, Early Stage",,
list d-pad-small'> <a href='/funds/lumia-capital' class='text-color-1'> <i class='fas fa-user-tie fa-fw r-pad-small'></i>Lumia Capital,VC - Small fund,,Technology / Venture Capital,"Seed, Early Stage",,
list d-pad-small'> <a href='/funds/lux-capital' class='text-color-1'> <i class='fas fa-user-tie fa-fw r-pad-small'></i>Lux Capital,VC - Big fund,,Technology / Venture Capital,Multi-stage,,
list d-pad-small'> <a href='/funds/m-h-carnegie' class='text-color-1'> <i class='fas fa-user-tie fa-fw r-pad-small'></i>M. H. Carnegie,VC - Small fund,,Technology / Venture Capital,"Seed, Early Stage",,
list d-pad-small'> <a href='/funds/macdoch-ventures' class='text-color-1'> <i class='fas fa-user-tie fa-fw r-pad-small'></i>Macdoch Ventures,VC - Small fund,,Technology / Venture Capital,"Seed, Early Stage",,
list d-pad-small'> <a href='/funds/mai-capital' class='text-color-1'> <i class='fas fa-user-tie fa-fw r-pad-small'></i>Mai Capital,VC - Small fund,,Technology / Venture Capital,"Seed, Early Stage",,
list d-pad-small'> <a href='/funds/manutara-ventures' class='text-color-1'> <i class='fas fa-user-tie fa-fw r-pad-small'></i>Manutara Ventures,VC - Small fund,,Technology / Venture Capital,"Seed, Early Stage",,
list d-pad-small'> <a href='/funds/marbruck-investments' class='text-color-1'> <i class='fas fa-user-tie fa-fw r-pad-small'></i>Marbruck Investments,VC - Small fund,,Technology / Venture Capital,"Seed, Early Stage",,
list d-pad-small'> <a href='/funds/matrix-partners' class='text-color-1'> <i class='fas fa-user-tie fa-fw r-pad-small'></i>Matrix Partners,VC - Big fund,,Technology / Venture Capital,Multi-stage,,
list d-pad-small'> <a href='/funds/midori-capital-llc' class='text-color-1'> <i class='fas fa-user-tie fa-fw r-pad-small'></i>Midori Capital LLC,VC - Small fund,,Technology / Venture Capital,"Seed, Early Stage",,
list d-pad-small'> <a href='/funds/mmc-ventures' class='text-color-1'> <i class='fas fa-user-tie fa-fw r-pad-small'></i>MMC Ventures,VC - Medium-Sized Fund,,Technology / Venture Capital,"Seed, Early Stage",,
list d-pad-small'> <a href='/funds/morpheus-ventures' class='text-color-1'> <i class='fas fa-user-tie fa-fw r-pad-small'></i>Morpheus Ventures,VC - Small fund,,Technology / Venture Capital,"Seed, Early Stage",,
list d-pad-small'> <a href='/funds/movac-nz' class='text-color-1'> <i class='fas fa-user-tie fa-fw r-pad-small'></i>Movac NZ,VC - Small fund,,Technology / Venture Capital,"Seed, Early Stage",,
list d-pad-small'> <a href='/funds/muuy' class='text-color-1'> <i class='fas fa-user-tie fa-fw r-pad-small'></i>Muuy,VC - Small fund,,Technology / Venture Capital,"Seed, Early Stage",,
list d-pad-small'> <a href='/funds/nab-ventures' class='text-color-1'> <i class='fas fa-user-tie fa-fw r-pad-small'></i>NAB Ventures,VC - Small fund,,Technology / Venture Capital,"Seed, Early Stage",,
list d-pad-small'> <a href='/funds/new-enterprise-associates' class='text-color-1'> <i class='fas fa-user-tie fa-fw r-pad-small'></i>New Enterprise Associates,VC - Big fund,,Technology / Venture Capital,Multi-stage,,
list d-pad-small'> <a href='/funds/new-leaf-venture-partners' class='text-color-1'> <i class='fas fa-user-tie fa-fw r-pad-small'></i>New Leaf Venture Partners,VC - Big fund,,Technology / Venture Capital,Multi-stage,,
list d-pad-small'> <a href='/funds/new-lion-capital' class='text-color-1'> <i class='fas fa-user-tie fa-fw r-pad-small'></i>New Lion Capital,VC - Small fund,,Technology / Venture Capital,"Seed, Early Stage",,
list d-pad-small'> <a href='/funds/nextgen-funds-management' class='text-color-1'> <i class='fas fa-user-tie fa-fw r-pad-small'></i>NextGen Funds Management,VC - Small fund,,Technology / Venture Capital,"Seed, Early Stage",,
list d-pad-small'> <a href='/funds/nextview-ventures' class='text-color-1'> <i class='fas fa-user-tie fa-fw r-pad-small'></i>NextView Ventures,VC - Small fund,,Technology / Venture Capital,"Seed, Early Stage",,
list d-pad-small'> <a href='/funds/nexus-future-fund' class='text-color-1'> <i class='fas fa-user-tie fa-fw r-pad-small'></i>Nexus Future Fund,VC - Small fund,,Technology / Venture Capital,"Seed, Early Stage",,
list d-pad-small'> <a href='/funds/no-brand' class='text-color-1'> <i class='fas fa-user-tie fa-fw r-pad-small'></i>No Brand,VC - Small fund,,Technology / Venture Capital,"Seed, Early Stage",,
list d-pad-small'> <a href='/funds/northzone' class='text-color-1'> <i class='fas fa-user-tie fa-fw r-pad-small'></i>Northzone,VC - Big fund,,Technology / Venture Capital,Multi-stage,,
list d-pad-small'> <a href='/funds/norwest-venture-partners' class='text-color-1'> <i class='fas fa-user-tie fa-fw r-pad-small'></i>Norwest Venture Partners,VC - Big fund,,Technology / Venture Capital,Multi-stage,,
list d-pad-small'> <a href='/funds/notion-capital' class='text-color-1'> <i class='fas fa-user-tie fa-fw r-pad-small'></i>Notion Capital,VC - Small fund,,Technology / Venture Capital,"Seed, Early Stage",,
list d-pad-small'> <a href='/funds/nzvif-venture-capital' class='text-color-1'> <i class='fas fa-user-tie fa-fw r-pad-small'></i>NZVIF Venture Capital,VC - Small fund,,Technology / Venture Capital,"Seed, Early Stage",,
list d-pad-small'> <a href='/funds/octopus-ventures' class='text-color-1'> <i class='fas fa-user-tie fa-fw r-pad-small'></i>Octopus Ventures,VC - Big fund,,Technology / Venture Capital,Multi-stage,,
list d-pad-small'> <a href='/funds/oneventures' class='text-color-1'> <i class='fas fa-user-tie fa-fw r-pad-small'></i>OneVentures,VC - Medium-Sized Fund,,Technology / Venture Capital,"Seed, Early Stage",,
list d-pad-small'> <a href='/funds/oriens-capital-nz' class='text-color-1'> <i class='fas fa-user-tie fa-fw r-pad-small'></i>Oriens Capital NZ,VC - Small fund,,Technology / Venture Capital,"Seed, Early Stage",,
list d-pad-small'> <a href='/funds/origin-ventures' class='text-color-1'> <i class='fas fa-user-tie fa-fw r-pad-small'></i>Origin Ventures,VC - Small fund,,Technology / Venture Capital,"Seed, Early Stage",,
list d-pad-small'> <a href='/funds/our-innovation-fund' class='text-color-1'> <i class='fas fa-user-tie fa-fw r-pad-small'></i>OIF Ventures,VC - Small fund,,Technology / Venture Capital,"Seed, Early Stage",,
list d-pad-small'> <a href='/funds/ourcrowd' class='text-color-1'> <i class='fas fa-user-tie fa-fw r-pad-small'></i>OurCrowd,VC - Small fund,,Technology / Venture Capital,"Seed, Early Stage",,
list d-pad-small'> <a href='/funds/pario-ventures' class='text-color-1'> <i class='fas fa-user-tie fa-fw r-pad-small'></i>pario ventures,VC - Medium-Sized Fund,,Technology / Venture Capital,"Seed, Early Stage",,
list d-pad-small'> <a href='/funds/peakspan-capital' class='text-color-1'> <i class='fas fa-user-tie fa-fw r-pad-small'></i>Peakspan Capital,VC - Medium-Sized Fund,,Technology / Venture Capital,"Seed, Early Stage",,
list d-pad-small'> <a href='/funds/perennial-partners' class='text-color-1'> <i class='fas fa-user-tie fa-fw r-pad-small'></i>Perennial Partners,VC - Medium-Sized Fund,,Technology / Venture Capital,"Seed, Early Stage",,
list d-pad-small'> <a href='/funds/perle-ventures' class='text-color-1'> <i class='fas fa-user-tie fa-fw r-pad-small'></i>Perle Ventures,VC - Small fund,,Technology / Venture Capital,"Seed, Early Stage",,
list d-pad-small'> <a href='/funds/pielab-venture-partners' class='text-color-1'> <i class='fas fa-user-tie fa-fw r-pad-small'></i>PieLAB Venture Partners,VC - Small fund,,Technology / Venture Capital,"Seed, Early Stage",,
list d-pad-small'> <a href='/funds/preminent-investments' class='text-color-1'> <i class='fas fa-user-tie fa-fw r-pad-small'></i>Preminent Investments I,VC - Small fund,,Technology / Venture Capital,"Seed, Early Stage",,
list d-pad-small'> <a href='/funds/prisma-investment' class='text-color-1'> <i class='fas fa-user-tie fa-fw r-pad-small'></i>Prisma Investment,VC - Small fund,,Technology / Venture Capital,"Seed, Early Stage",,
list d-pad-small'> <a href='/funds/purpose-built-ventures' class='text-color-1'> <i class='fas fa-user-tie fa-fw r-pad-small'></i>Purpose Built Ventures,VC - Small fund,,Technology / Venture Capital,"Seed, Early Stage",,
list d-pad-small'> <a href='/funds/purpose-ventures' class='text-color-1'> <i class='fas fa-user-tie fa-fw r-pad-small'></i>Purpose Ventures,VC - Small fund,,Technology / Venture Capital,"Seed, Early Stage",,
list d-pad-small'> <a href='/funds/qualgro-vc' class='text-color-1'> <i class='fas fa-user-tie fa-fw r-pad-small'></i>Qualgro VC,VC - Small fund,,Technology / Venture Capital,"Seed, Early Stage",,
list d-pad-small'> <a href='/funds/quintessence-ventures' class='text-color-1'> <i class='fas fa-user-tie fa-fw r-pad-small'></i>Quintessence Ventures,VC - Small fund,,Technology / Venture Capital,"Seed, Early Stage",,
list d-pad-small'> <a href='/funds/rampersand' class='text-color-1'> <i class='fas fa-user-tie fa-fw r-pad-small'></i>Rampersand,VC - Small fund,,Technology / Venture Capital,"Seed, Early Stage",,
list d-pad-small'> <a href='/funds/raven-ventures' class='text-color-1'> <i class='fas fa-user-tie fa-fw r-pad-small'></i>Raven Ventures,VC - Small fund,,Technology / Venture Capital,"Seed, Early Stage",,
list d-pad-small'> <a href='/funds/reach-alternative-investments' class='text-color-1'> <i class='fas fa-user-tie fa-fw r-pad-small'></i>Reach Alternative Investments,VC - Small fund,,Technology / Venture Capital,"Seed, Early Stage",,
list d-pad-small'> <a href='/funds/real-tech-ventures-1' class='text-color-1'> <i class='fas fa-user-tie fa-fw r-pad-small'></i>Real Tech Ventures,VC - Small fund,,Technology / Venture Capital,"Seed, Early Stage",,
list d-pad-small'> <a href='/funds/recruit-strategic-partners' class='text-color-1'> <i class='fas fa-user-tie fa-fw r-pad-small'></i>Recruit Strategic Partners,VC - Small fund,,Technology / Venture Capital,"Seed, Early Stage",,
list d-pad-small'> <a href='/funds/redpoint-ventures' class='text-color-1'> <i class='fas fa-user-tie fa-fw r-pad-small'></i>Redpoint Ventures,VC - Big fund,,Technology / Venture Capital,Multi-stage,,
list d-pad-small'> <a href='/funds/reinventure-group' class='text-color-1'> <i class='fas fa-user-tie fa-fw r-pad-small'></i>Reinventure Group,VC - Small fund,,Technology / Venture Capital,"Seed, Early Stage",,
list d-pad-small'> <a href='/funds/renergy-power-sdn-bhd' class='text-color-1'> <i class='fas fa-user-tie fa-fw r-pad-small'></i>Renergy Power Sdn Bhd,VC - Small fund,,Technology / Venture Capital,"Seed, Early Stage",,
list d-pad-small'> <a href='/funds/ribbit-capital' class='text-color-1'> <i class='fas fa-user-tie fa-fw r-pad-small'></i>Ribbit Capital,VC - Medium-Sized Fund,,Technology / Venture Capital,"Seed, Early Stage",,
list d-pad-small'> <a href='/funds/ridge-ventures' class='text-color-1'> <i class='fas fa-user-tie fa-fw r-pad-small'></i>Ridge Ventures,VC - Small fund,,Technology / Venture Capital,"Seed, Early Stage",,
list d-pad-small'> <a href='/funds/right-click-capital' class='text-color-1'> <i class='fas fa-user-tie fa-fw r-pad-small'></i>Right Click Capital,VC - Small fund,,Technology / Venture Capital,"Seed, Early Stage",,
list d-pad-small'> <a href='/funds/rlc-ventures' class='text-color-1'> <i class='fas fa-user-tie fa-fw r-pad-small'></i>RLC Ventures,VC - Small fund,,Technology / Venture Capital,"Seed, Early Stage",,
list d-pad-small'> <a href='/funds/romulus-capital' class='text-color-1'> <i class='fas fa-user-tie fa-fw r-pad-small'></i>Romulus Capital,VC - Small fund,,Technology / Venture Capital,"Seed, Early Stage",,
list d-pad-small'> <a href='/funds/rre-ventures' class='text-color-1'> <i class='fas fa-user-tie fa-fw r-pad-small'></i>RRE Ventures,VC - Medium-Sized Fund,,Technology / Venture Capital,"Seed, Early Stage",,
list d-pad-small'> <a href='/funds/sapien-ventures' class='text-color-1'> <i class='fas fa-user-tie fa-fw r-pad-small'></i>Sapien Ventures,VC - Small fund,,Technology / Venture Capital,"Seed, Early Stage",,
list d-pad-small'> <a href='/funds/sapphire-ventures' class='text-color-1'> <i class='fas fa-user-tie fa-fw r-pad-small'></i>Sapphire Ventures,VC - Big fund,,Technology / Venture Capital,Multi-stage,,
list d-pad-small'> <a href='/funds/save-the-children-impact-investment-fund' class='text-color-1'> <i class='fas fa-user-tie fa-fw r-pad-small'></i>Save the Children Impact Investment,VC - Small fund,,Technology / Venture Capital,"Seed, Early Stage",,
list d-pad-small'> <a href='/funds/scale-venture-partners' class='text-color-1'> <i class='fas fa-user-tie fa-fw r-pad-small'></i>Scale Venture Partners,VC - Big fund,,Technology / Venture Capital,Multi-stage,,
list d-pad-small'> <a href='/funds/seed-space-venture-capital' class='text-color-1'> <i class='fas fa-user-tie fa-fw r-pad-small'></i>Seed Space Venture Capital,VC - Small fund,,Technology / Venture Capital,"Seed, Early Stage",,
list d-pad-small'> <a href='/funds/sequoia-capital' class='text-color-1'> <i class='fas fa-user-tie fa-fw r-pad-small'></i>Sequoia Capital,VC - Big fund,,Technology / Venture Capital,Multi-stage,,
list d-pad-small'> <a href='/funds/sginnovate' class='text-color-1'> <i class='fas fa-user-tie fa-fw r-pad-small'></i>SGInnovate,VC - Small fund,,Technology / Venture Capital,"Seed, Early Stage",,
list d-pad-small'> <a href='/funds/shearwater-growth-equity' class='text-color-1'> <i class='fas fa-user-tie fa-fw r-pad-small'></i>Shearwater Growth Equity,VC - Small fund,,Technology / Venture Capital,"Seed, Early Stage",,
list d-pad-small'> <a href='/funds/shpira-capital-advisors' class='text-color-1'> <i class='fas fa-user-tie fa-fw r-pad-small'></i>SCA,VC - Small fund,,Technology / Venture Capital,"Seed, Early Stage",,
list d-pad-small'> <a href='/funds/significant-capital-ventures' class='text-color-1'> <i class='fas fa-user-tie fa-fw r-pad-small'></i>Significant Ventures,VC - Small fund,,Technology / Venture Capital,"Seed, Early Stage",,
list d-pad-small'> <a href='/funds/singtel-innov8' class='text-color-1'> <i class='fas fa-user-tie fa-fw r-pad-small'></i>Singtel Innov8,VC - Small fund,,Technology / Venture Capital,"Seed, Early Stage",,
list d-pad-small'> <a href='/funds/skip-capital' class='text-color-1'> <i class='fas fa-user-tie fa-fw r-pad-small'></i>Skip Capital,VC - Big fund,,Technology / Venture Capital,Multi-stage,,
list d-pad-small'> <a href='/funds/snowball-effect' class='text-color-1'> <i class='fas fa-user-tie fa-fw r-pad-small'></i>Snowball Effect,VC - Small fund,,Technology / Venture Capital,"Seed, Early Stage",,
list d-pad-small'> <a href='/funds/sohi-partners' class='text-color-1'> <i class='fas fa-user-tie fa-fw r-pad-small'></i>SoHi Partners,VC - Small fund,,Technology / Venture Capital,"Seed, Early Stage",,
list d-pad-small'> <a href='/funds/sosv' class='text-color-1'> <i class='fas fa-user-tie fa-fw r-pad-small'></i>SOSV,VC - Medium-Sized Fund,,Technology / Venture Capital,"Seed, Early Stage",,
list d-pad-small'> <a href='/funds/southern-cross-venture-partners' class='text-color-1'> <i class='fas fa-user-tie fa-fw r-pad-small'></i>Southern Cross Venture Partners,VC - Small fund,,Technology / Venture Capital,"Seed, Early Stage",,
list d-pad-small'> <a href='/funds/spark-capital' class='text-color-1'> <i class='fas fa-user-tie fa-fw r-pad-small'></i>Spark Capital,VC - Big fund,,Technology / Venture Capital,Multi-stage,,
list d-pad-small'> <a href='/funds/sparkbox-ventures' class='text-color-1'> <i class='fas fa-user-tie fa-fw r-pad-small'></i>Sparkbox Ventures,VC - Small fund,,Technology / Venture Capital,"Seed, Early Stage",,
list d-pad-small'> <a href='/funds/sprint-ventures' class='text-color-1'> <i class='fas fa-user-tie fa-fw r-pad-small'></i>Sprint Ventures,VC - Small fund,,Technology / Venture Capital,"Seed, Early Stage",,
list d-pad-small'> <a href='/funds/sprint-ventures-9' class='text-color-1'> <i class='fas fa-user-tie fa-fw r-pad-small'></i>Sprint Ventures,VC - Small fund,,Technology / Venture Capital,"Seed, Early Stage",,
list d-pad-small'> <a href='/funds/square-peg-capital' class='text-color-1'> <i class='fas fa-user-tie fa-fw r-pad-small'></i>Square Peg Capital,VC - Small fund,,Technology / Venture Capital,"Seed, Early Stage",,
list d-pad-small'> <a href='/funds/stageone' class='text-color-1'> <i class='fas fa-user-tie fa-fw r-pad-small'></i>StageOne,VC - Small fund,,Technology / Venture Capital,"Seed, Early Stage",,
list d-pad-small'> <a href='/funds/star-medical-complex' class='text-color-1'> <i class='fas fa-user-tie fa-fw r-pad-small'></i>star medical complex,VC - Small fund,,Technology / Venture Capital,"Seed, Early Stage",,
list d-pad-small'> <a href='/funds/starfish-ventures' class='text-color-1'> <i class='fas fa-user-tie fa-fw r-pad-small'></i>Starfish Ventures,VC - Small fund,,Technology / Venture Capital,"Seed, Early Stage",,
list d-pad-small'> <a href='/funds/startmesh-innovation' class='text-color-1'> <i class='fas fa-user-tie fa-fw r-pad-small'></i>Startmesh Innovation,VC - Small fund,,Technology / Venture Capital,"Seed, Early Stage",,
list d-pad-small'> <a href='/funds/sterling-vc' class='text-color-1'> <i class='fas fa-user-tie fa-fw r-pad-small'></i>Sterling VC,VC - Small fund,,Technology / Venture Capital,"Seed, Early Stage",,
list d-pad-small'> <a href='/funds/sufiyazitlab' class='text-color-1'> <i class='fas fa-user-tie fa-fw r-pad-small'></i>SUFIYAZITLAB,VC - Small fund,,Technology / Venture Capital,"Seed, Early Stage",,
list d-pad-small'> <a href='/funds/swc-global' class='text-color-1'> <i class='fas fa-user-tie fa-fw r-pad-small'></i>SWC Global,VC - Small fund,,Technology / Venture Capital,"Seed, Early Stage",,
list d-pad-small'> <a href='/funds/talu-ventures' class='text-color-1'> <i class='fas fa-user-tie fa-fw r-pad-small'></i>Talu Ventures,VC - Small fund,,Technology / Venture Capital,"Seed, Early Stage",,
list d-pad-small'> <a href='/funds/tamarisc-ventures' class='text-color-1'> <i class='fas fa-user-tie fa-fw r-pad-small'></i>Tamarisc Ventures,VC - Small fund,,Technology / Venture Capital,"Seed, Early Stage",,
list d-pad-small'> <a href='/funds/tank-stream-ventures' class='text-color-1'> <i class='fas fa-user-tie fa-fw r-pad-small'></i>Tank Stream Ventures,VC - Small fund,,Technology / Venture Capital,"Seed, Early Stage",,
list d-pad-small'> <a href='/funds/tarnagulla-ventures' class='text-color-1'> <i class='fas fa-user-tie fa-fw r-pad-small'></i>Tarnagulla Ventures,VC - Small fund,,Technology / Venture Capital,"Seed, Early Stage",,
list d-pad-small'> <a href='/funds/telstra-ventures' class='text-color-1'> <i class='fas fa-user-tie fa-fw r-pad-small'></i>Telstra Ventures,VC - Medium-Sized Fund,,Technology / Venture Capital,"Seed, Early Stage",,
list d-pad-small'> <a href='/funds/tenacious-ventures' class='text-color-1'> <i class='fas fa-user-tie fa-fw r-pad-small'></i>Tenacious Ventures,VC - Small fund,,Technology / Venture Capital,"Seed, Early Stage",,
list d-pad-small'> <a href='/funds/tenaya-capital' class='text-color-1'> <i class='fas fa-user-tie fa-fw r-pad-small'></i>Tenaya Capital,VC - Small fund,,Technology / Venture Capital,"Seed, Early Stage",,
list d-pad-small'> <a href='/funds/terravastus-yoka-infrastructures' class='text-color-1'> <i class='fas fa-user-tie fa-fw r-pad-small'></i>Terravastus Yoka Infrastructures,VC - Medium-Sized Fund,,Technology / Venture Capital,"Seed, Early Stage",,
list d-pad-small'> <a href='/funds/the-aventures' class='text-color-1'> <i class='fas fa-user-tie fa-fw r-pad-small'></i>The Aventures,VC - Small fund,,Technology / Venture Capital,"Seed, Early Stage",,
list d-pad-small'> <a href='/funds/the-aventures-8' class='text-color-1'> <i class='fas fa-user-tie fa-fw r-pad-small'></i>The Aventures,VC - Small fund,,Technology / Venture Capital,"Seed, Early Stage",,
list d-pad-small'> <a href='/funds/the-foundry' class='text-color-1'> <i class='fas fa-user-tie fa-fw r-pad-small'></i>The Foundry,VC - Small fund,,Technology / Venture Capital,"Seed, Early Stage",,
list d-pad-small'> <a href='/funds/thrive-capital' class='text-color-1'> <i class='fas fa-user-tie fa-fw r-pad-small'></i>Thrive Capital,VC - Big fund,,Technology / Venture Capital,Multi-stage,,
list d-pad-small'> <a href='/funds/tidal-ventures' class='text-color-1'> <i class='fas fa-user-tie fa-fw r-pad-small'></i>Tidal Ventures,VC - Small fund,,Technology / Venture Capital,"Seed, Early Stage",,
list d-pad-small'> <a href='/funds/tiger-global-management' class='text-color-1'> <i class='fas fa-user-tie fa-fw r-pad-small'></i>Tiger Global Management,VC - Big fund,,Technology / Venture Capital,Multi-stage,,
list d-pad-small'> <a href='/funds/tin-men-capital' class='text-color-1'> <i class='fas fa-user-tie fa-fw r-pad-small'></i>Tin Men Capital,VC - Small fund,,Technology / Venture Capital,"Seed, Early Stage",,
list d-pad-small'> <a href='/funds/tlv-partners' class='text-color-1'> <i class='fas fa-user-tie fa-fw r-pad-small'></i>TLV Partners,VC - Small fund,,Technology / Venture Capital,"Seed, Early Stage",,
list d-pad-small'> <a href='/funds/transition-level-inv' class='text-color-1'> <i class='fas fa-user-tie fa-fw r-pad-small'></i>Transition Level Investments,VC - Small fund,,Technology / Venture Capital,"Seed, Early Stage",,
list d-pad-small'> <a href='/funds/tribe-global-ventures' class='text-color-1'> <i class='fas fa-user-tie fa-fw r-pad-small'></i>Tribe Global Ventures,VC - Small fund,,Technology / Venture Capital,"Seed, Early Stage",,
list d-pad-small'> <a href='/funds/trirec-venture-i' class='text-color-1'> <i class='fas fa-user-tie fa-fw r-pad-small'></i>TRIREC Venture I,VC - Small fund,,Technology / Venture Capital,"Seed, Early Stage",,
list d-pad-small'> <a href='/funds/true-blue-partners' class='text-color-1'> <i class='fas fa-user-tie fa-fw r-pad-small'></i>True Blue Partners,VC - Small fund,,Technology / Venture Capital,"Seed, Early Stage",,
list d-pad-small'> <a href='/funds/true-ventures' class='text-color-1'> <i class='fas fa-user-tie fa-fw r-pad-small'></i>True Ventures,VC - Big fund,,Technology / Venture Capital,Multi-stage,,
list d-pad-small'> <a href='/funds/uncork-capital' class='text-color-1'> <i class='fas fa-user-tie fa-fw r-pad-small'></i>Uncork Capital,VC - Small fund,,Technology / Venture Capital,"Seed, Early Stage",,
list d-pad-small'> <a href='/funds/union-square-ventures' class='text-color-1'> <i class='fas fa-user-tie fa-fw r-pad-small'></i>Union Square Ventures,VC - Big fund,,Technology / Venture Capital,Multi-stage,,
list d-pad-small'> <a href='/funds/upfront-ventures' class='text-color-1'> <i class='fas fa-user-tie fa-fw r-pad-small'></i>Upfront Ventures,VC - Big fund,,Technology / Venture Capital,Multi-stage,,
list d-pad-small'> <a href='/funds/uy-group-of-companies' class='text-color-1'> <i class='fas fa-user-tie fa-fw r-pad-small'></i>Uy Group of Companies,VC - Small fund,,Technology / Venture Capital,"Seed, Early Stage",,
list d-pad-small'> <a href='/funds/venrock' class='text-color-1'> <i class='fas fa-user-tie fa-fw r-pad-small'></i>Venrock,VC - Medium-Sized Fund,,Technology / Venture Capital,"Seed, Early Stage",,
list d-pad-small'> <a href='/funds/venture-capital-fund-' class='text-color-1'> <i class='fas fa-user-tie fa-fw r-pad-small'></i>Venture Capital Fund,VC - Small fund,,Technology / Venture Capital,"Seed, Early Stage",,
list d-pad-small'> <a href='/funds/versant-ventures' class='text-color-1'> <i class='fas fa-user-tie fa-fw r-pad-small'></i>Versant Ventures,VC - Big fund,,Technology / Venture Capital,Multi-stage,,
list d-pad-small'> <a href='/funds/vertex-ventures' class='text-color-1'> <i class='fas fa-user-tie fa-fw r-pad-small'></i>Vertex Holdings,VC - Big fund,,Technology / Venture Capital,Multi-stage,,
list d-pad-small'> <a href='/funds/vertex-ventures-sea-and-india' class='text-color-1'> <i class='fas fa-user-tie fa-fw r-pad-small'></i>Vertex Ventures SEA and India,VC - Small fund,,Technology / Venture Capital,"Seed, Early Stage",,
list d-pad-small'> <a href='/funds/walden-venture-capital' class='text-color-1'> <i class='fas fa-user-tie fa-fw r-pad-small'></i>Walden Venture Capital,VC - Small fund,,Technology / Venture Capital,"Seed, Early Stage",,
list d-pad-small'> <a href='/funds/wavemaker-partners' class='text-color-1'> <i class='fas fa-user-tie fa-fw r-pad-small'></i>Wavemaker Partners,VC - Small fund,,Technology / Venture Capital,"Seed, Early Stage",,
list d-pad-small'> <a href='/funds/webb-investment-network' class='text-color-1'> <i class='fas fa-user-tie fa-fw r-pad-small'></i>Webb Investment Network,VC - Small fund,,Technology / Venture Capital,"Seed, Early Stage",,
list d-pad-small'> <a href='/funds/wing-vc' class='text-color-1'> <i class='fas fa-user-tie fa-fw r-pad-small'></i>Wing VC,VC - Medium-Sized Fund,,Technology / Venture Capital,"Seed, Early Stage",,
list d-pad-small'> <a href='/funds/wunala-capital' class='text-color-1'> <i class='fas fa-user-tie fa-fw r-pad-small'></i>Wunala Capital,VC - Small fund,,Technology / Venture Capital,"Seed, Early Stage",,
"list d-pad-small'> <a href='/funds/xmahk-2024-stem-fund-lp' class='text-color-1'> <i class='fas fa-user-tie fa-fw r-pad-small'></i>XMAHK 2024 STEM Fund, LP",VC - Small fund,,Technology / Venture Capital,"Seed, Early Stage",,
list d-pad-small'> <a href='/funds/y-combinator' class='text-color-1'> <i class='fas fa-user-tie fa-fw r-pad-small'></i>Y Combinator,VC - Big fund,,Technology / Venture Capital,Multi-stage,,
list d-pad-small'> <a href='/funds/yuuwa-capital' class='text-color-1'> <i class='fas fa-user-tie fa-fw r-pad-small'></i>Yuuwa Capital,VC - Small fund,,Technology / Venture Capital,"Seed, Early Stage",,
11.2 Capital,VC - Small fund,United States,"Healthcare, Security, Finance","Early Stage, Seed",,
122 West Ventures,VC - Small fund,United States,"Information Technology, Telecoms, Media, and Communications",Early Stage,,
1517 Fund,VC - Small fund,United States,"Clean Technology, Consumer Discretionary, Healthcare, Industrials, Information Technology, Telecoms, Media, and Communications","Early Stage: Seed, Early Stage: Start-up",,
1776,VC - Small fund,United States,"Technology, Health, Transportation, Energy, Education","Early Stage Venture, Seed",,
1confirmation,VC - Small fund,United States,Financial Services,"Early Stage Venture, Seed",,
3Rodeo,VC - Small fund,United States,"Business Services, Information Technology, Telecoms, Media, and Communications","Early Stage, Early Stage: Seed",,
4490 Ventures,VC - Small fund,United States,"Technology, Financial Services, Agriculture, Education","Early Stage Venture, Seed",,
50 Years,VC - Small fund,United States,"Financial Services, Business Services, Insurance, Fintech",Early Stage,,
500 Startups,VC - Small fund,United States,"Technology, Health, Financial Services, Education, Media","Early Stage Venture, Seed",,
645 Ventures,VC - Small fund,United States,Technology,"Early Stage Venture, Seed",,
7 Gate Ventures,VC - Small fund,United States,"Healthcare, Technology, Internet, Security","Early Stage Venture, Seed",,
7 Seas Ventures,VC - Small fund,United States,"Consumer Discretionary, Healthcare, Information Technology, Telecoms, Media, and Communications","Early Stage, Expansion / Late Stage, Growth, Venture (General)",,
9Mile Labs,VC - Small fund,United States,"Technology, Media","Early Stage Venture, Seed",,
A Capital Partners,VC - Small fund,United States,Technology,Early Stage Venture,,
A-Force Ventures,VC - Small fund,United States,"Travel, Health, Entertainment, Consumer Products, Fashion, Education","Early Stage, Early Stage: Seed, Early Stage: Start-up",,
Accele Biopharma,VC - Small fund,United States,"Pharmaceuticals, Technology",Early Stage Venture,,
Acceleprise Ventures,VC - Small fund,United States,Technology,"Early Stage Venture, Seed",,
Accelerator Ventures,VC - Small fund,United States,Technology,"Early Stage, Early Stage: Seed, Early Stage: Start-up",,
Acorn Pacific Ventures,VC - Small fund,United States,Technology,"Early Stage Venture, Seed, Late Stage Venture",,
Activant Capital Group,VC - Small fund,United States,Technology,"Late Stage Venture, Private Equity",,
ActOne Ventures,VC - Small fund,United States,"Software, Technology","Early Stage, Early Stage: Seed, Early Stage: Start-up",,
Advancit Capital,VC - Small fund,United States,"Media, Entertainment, Technology","Early Stage, Early Stage: Seed",,
Aegis Venture Funds,VC - Small fund,United States,Technology,Venture (General),,
Afore Capital,VC - Small fund,United States,"Technology, Consumer Services",Early Stage Venture,,
AI8 Ventures,VC - Small fund,United States,"Business Services, Healthcare, Information Technology","Early Stage: Seed, Early Stage: Start-up",,
Alaya Capital Partners,VC - Small fund,United States,Technology,Early Stage Venture,,
Aligned Partners,VC - Small fund,United States,Technology,Early Stage Venture,,
Allos Ventures,VC - Small fund,United States,"Technology, Manufacturing, Healthcare","Early Stage Venture, Late Stage Venture",,
Almanac Investments,VC - Small fund,United States,"Agriculture, Food, Hospitality",Early Stage Venture,,
Alpha Bridge Ventures,VC - Small fund,United States,Information Technology,"Early Stage, Early Stage: Seed, Early Stage: Start-up",,
Alpha Tech Ventures,VC - Small fund,United States,"High-Tech, Industrial, Internet, IT, Media, Network, Software, Technology, Telecom Media",Early Stage: Seed,,
Alpha Venture Partners,VC - Small fund,United States,"E-Commerce, Mobile, Social, Business Process Outsourcing, Information Services, Technology","Expansion / Late Stage, Growth",,
AlphaPrime Ventures,VC - Small fund,United States,"Business Services, Information Technology, Telecoms, Media, Communications","Early Stage, Early Stage: Seed, Early Stage: Start-up",,
Alpine Meridien,VC - Small fund,United States,"Internet, Digital Media, FinTech, Data, Software, E-Commerce","Early Stage Venture, Seed",,
Alumni Ventures Group,VC - Small fund,United States,"Technology, Healthcare","Early Stage Venture, Seed, Late Stage Venture",,
Amaranthine Partners,VC - Small fund,United States,Information Technology,Early Stage: Start-up,,
Amasia,VC - Small fund,United States,Diversified,"Early Stage Venture, Late Stage Venture, Seed",,
Ambition,VC - Small fund,United States,"Enterprise Software, Gamification, SaaS, Sales",Seed,,
Amino Capital,VC - Small fund,United States,"Technology, Internet, Media","Early Stage Venture, Seed",,
AmityVentures,VC - Small fund,United States,Information Technology,"Early Stage, Early Stage: Start-up, Venture (General)",,
Amplify,VC - Small fund,United States,"Media, Technology","Early Stage Venture, Seed",,
Amplo,VC - Small fund,United States,Diversified,"Early Stage, Early Stage: Seed",,
Anchor,VC - Small fund,United States,Technology,"Seed, Early Stage",,
AngelPad,VC - Small fund,United States,"Technology, Healthcare",Seed,,
Angels Unleashed,VC - Small fund,United States,"Technology, Internet, Electronics, Education","Early Stage Venture, Seed, Late Stage Venture",,
Antecedent Ventures,VC - Small fund,United States,Information Technology,"Early Stage, Early Stage: Seed",,
Apertue Venture Partners,VC - Small fund,United States,"Healthcare, Information Technology","Early Stage, Expansion/Late Stage, Venture (General)",,
Arab Angel Fund,VC - Small fund,United States,"Technology, Consumer Services, Financial Services, Internet","Seed, Series A",,
Arafura Ventures,VC - Small fund,United States,"Business Services, Consumer Discretionary, Industrials, Information Technology, Telecoms, Media, and Communications","Bridge Financing, Co-Investment, Early Stage, Early Stage: Seed, Early Stage: Start-up, Expansion / Late Stage, Growth, pre-IPO, Venture (General)",,
Archer Venture Capital,VC - Small fund,United States,"Technology, Financial Services","Seed, Series A, and select later growth stages",,
Arcus Ventures,VC - Small fund,United States,"Healthcare, Financial Services","Early Stage Venture, Late Stage Venture",,
Arena Ventures,VC - Small fund,United States,"Technology, IT, Healthcare","Early Stage Venture, some Series B and later",,
Aristos Ventures,VC - Small fund,United States,Diversified,Early Stage,,
Armory Square Ventures,VC - Small fund,United States,"Business Services, Consumer Discretionary, Energy and Utilities, Information Technology, Food and Agriculture, Healthcare, Telecoms, Media, and Communications","Early Stage, Early Stage: Seed, Early Stage: Start-up",,
Array Ventures,VC - Small fund,United States,Entreprise Deeptech (AI/ML/Robotics/Blockchain/Cloud),"Early Stage, Seed",,
Arthur Ventures,VC - Small fund,United States,"B2B, Enterprise Software, Information Technology, Internet, Mobile, SaaS","Early Stage Venture, Late Stage Venture, Seed",,
Asimov Ventures,VC - Small fund,United States,"Technology, Hardware",Early Stage Venture,,
Atomic Management LLC,VC - Small fund,United States,"Consumer Products, Consumer Services, Diversified, Healthcare IT",Start-Up,,
ATX Seed Ventures,VC - Small fund,Texas,"Technology, Consumer Products, High-Tech, Software, Clean Technology, Healthcare IT",Seed,,
Authentic Ventures,VC - Small fund,United States,Diversified,"Early Stage, Seed",,
Autochrome Ventures,VC - Small fund,United States,"Diversified, Information Technology","Early Stage, Early Stage: Seed, Venture (General)",,
B37 Ventures,VC - Small fund,United States,Information Technology,"Early Stage, Early Stage: Start-up",,
BABEL Ventures,VC - Small fund,United States,"Financial Services, Healthcare IT",Early Stage Venture,,
Background Capital,VC - Small fund,United States,Diversified,Early Stage: Start-up,,
Backstage Capital,VC - Small fund,United States,"Consumer Discretionary, Information Technology, Diversified","Early Stage, Early Stage: Seed, Early Stage: Start-up, Venture (General)",,
BAM Ventures,VC - Small fund,United States,"Retail, Internet",Early Stage Venture,,
Base Ventures,VC - Small fund,United States,Technology,Early Stage,,
Baseline Ventures,VC - Small fund,United States,"Consumer Discretionary, Information Technology, Telecoms, Media, and Communications","Early Stage Venture, Late Stage Venture, Seed",,
Be Great Partners,VC - Small fund,United States,"Consumer Products, Retail, Consumer Services, IT, High-Tech, Software, Internet, Computer Services, Food, Digital Media",Seed,,
Beanstalk Ventures,VC - Small fund,United States,"Technology, Retail, Software",Seed,,
Bee Partners,VC - Small fund,United States,"Business Services, Consumer Discretionary, Diversified","Early Stage, Early Stage: Seed, Early Stage: Start-up",,
Benhamou Global Ventures,VC - Small fund,United States,"Business Services, Consumer Discretionary, Healthcare, Industrials, Information Technology, Telecoms, Media, and Communications","Co-Investment, Early Stage, Early Stage: Seed, Early Stage: Start-up, Expansion / Late Stage, Spin-Offs, Venture (General)",,
Bennu,VC - Small fund,United States,Diversified,"Early Stage, Early Stage: Seed, Early Stage: Start-up, Expansion / Late Stage, Venture (General)",,
Beta Fund,VC - Small fund,United States,"IT, Biotechnology, High-Tech, Software, Nanotechnology","Early Stage Venture, Seed",,
Betaworks Ventures,VC - Small fund,United States,"Computer Vision, Gaming, Consumer Services","Pre-Seed, Seed",,
Better Ventures,VC - Small fund,United States,"Technology, Environmental Services, Education / Training","Early Stage Venture, Seed",,
Birchmere Ventures,VC - Small fund,United States,"Business Services. Clean Technology, Consumer Discretionary, Healthcare, Information Technology, Telecoms, Media, and Communications","Early Stage, Early Stage: Seed, Early Stage: Start-up, Expansion / Late Stage, Growth, Venture (General)",,
Black Diamond Ventures,VC - Small fund,United States,SaaS,Early Stage,,
Black River Ventures,VC - Small fund,United States,"Technology, IT, Software, Internet, Healthcare IT, IT Security, IT Infrastructure","Early Stage Venture, Late Stage Venture",,
Blackhorn Ventures,VC - Small fund,United States,"Business Services, Energy and Utilities, Healthcare, Industrials, Information Technology, Infrastructure","Early Stage, Early Stage: Seed, Early Stage: Start-up, Growth, Venture (General)",,
Blade,VC - Small fund,United States,"Technology, Retail, Consumer Services, Software, Internet, Hardware","Early Stage Venture, Seed, Start-Up",,
Blangkond Ventures,VC - Small fund,United States,"IT, Aviation, Gaming, Property, Maritime, Enterprise, Energy","Early Stage, Early Stage: Seed, Early Stage: Start-up",,
Blank Slate Ventures,VC - Small fund,United States,Diversified,Seed,,
Bleu Capital,VC - Small fund,United States,"Business Services, Consumer Discretionary, Information Technology","Early Stage, Early Stage: Seed",,
Blockchain Capital,VC - Small fund,United States,"Financial Services, High-Tech, Software","Early Stage Venture, Late Stage Venture, Seed",,
Blue Bear Ventures,VC - Small fund,United States,"Diversified, Information Technology","Early Stage, Early Stage: Start-up",,
Blue Cloud Ventures,VC - Small fund,United States,"Technology, Telecoms, Consumer Products, Media, Software, Internet",Late Stage Venture,,
Blue Seed Collective,VC - Small fund,United States,"Consumer Discretionary, Diversified, Healthcare, Information Technology, Infrastructure","Early Stage, Early Stage: Seed, Early Stage: Start-up",,
Blueberry Ventures,VC - Small fund,United States,Food and Agriculture,"Early Stage, Growth",,
BOLDstart Ventures,VC - Small fund,United States,"Technology, IT, Software, Wireless, IT Security, IT Infrastructure",Seed Stage,,
Bolt,VC - Small fund,United States,"Software, Hardware","Early Stage Venture, Seed",,
Bonfire Ventures,VC - Small fund,United States,"Technology, Software, Business Services","Early Stage Venture, Seed",,
Boost VC,VC - Small fund,United States,"Consumer Discretionary, Diversified, Information Technology, Telecoms, Media, and Communications","Early Stage: Seed, Early Stage: Start-up, Venture (General)",,
BootstrapLabs,VC - Small fund,United States,"Healthcare, Industrials, Information Technology","Early Stage, Early Stage: Seed, Early Stage: Start-up, Venture (General)",,
Boulder Investment Group Reprise,VC - Small fund,United States,"Beverages, Agriculture, Food",Early Stage Venture,,
Bowery Capital,VC - Small fund,United States,"Technology, IT, Software","Early Stage Venture, Seed",,
Brain Robotics Capital,VC - Small fund,United States,"Technology, High-Tech, Software","Early Stage Venture, Seed",,
Brand Foundry Ventures,VC - Small fund,United States,"E-Commerce, Mobile Commerce, Consumer Products, Consumer Devices",Seed,,
Breakout Ventures,VC - Small fund,United States,"Technology, Biotechnology, Energy, Materials",Early Stage Venture,,
Brick + Mortar,VC - Small fund,United States,"Consumer Discretionary, Industrials, Information Technology, Telecoms, Media, and Communications",Venture (General),,
Brightpath Capital Partners,VC - Small fund,United States,"Education / Training, Food, Business Services, Clean Technology","Early Stage Venture, Late Stage Venture",,
Brilliant Ventures,VC - Small fund,United States,E-Commerce,Seed,,
Bronze Investments,VC - Small fund,United States,Financial Services,"Early Stage Venture, Late Stage Venture",,
Brooklyn Bridge Ventures,VC - Small fund,United States,"Technology, IT, Software, Hardware","Early Stage Venture, Seed",,
Bull City Venture Partners,VC - Small fund,United States,"Healthcare, Information Technology, Telecoms, Media, and Communications","Early Stage, Early Stage: Seed, Growth, Spin-Offs, Venture (General)",,
Bulldog Innovation Group,VC - Small fund,United States,Diversified,"Early Stage Venture, Seed",,
Bullish Partners,VC - Small fund,United States,Consumer Services,"Early Stage Venture, Seed",,
Caerus Ventures,VC - Small fund,United States,"Technology, Consumer Products, Manufacturing, Software, Hardware, Energy, Diversified, Digital Media, Healthcare IT","Early Stage Venture, Seed",,
Camber Creek,VC - Small fund,United States,"Clean Technology, Consumer Discretionary, Energy and Utilities, Industrials, Information Technology, Infrastructure, Real Estate","Early Stage, Early Stage: Seed, Early Stage: Start-up, Expansion / Late Stage, Venture (General)",,
Cantos,VC - Small fund,United States,Diversified,"Early Stage, Early Stage: Seed, Early Stage: Start-up",,
Canyon Creek Capital,VC - Small fund,United States,"Financial Services, Fintech","Early Stage Venture, Seed",,
Capella Space,VC - Small fund,United States,"Image Recognition, Information Services, Satellite Communication",Early Stage Venture,,
Capella VC,VC - Small fund,United States,Diversified,Early Growth,,
Capital A Partners,VC - Small fund,United States,Diversified,Early Stage Venture,,
Cardinal Venture Capital,VC - Small fund,United States,"Technology, Digital Media, Financial Technology, Mobility and Software","Debt, Early Stage Venture, Late Stage Venture, Private Equity",,
Casa Verde Capital,VC - Small fund,United States,"Technology, Consumer Products, Retail, Financial Services, Software, Internet, Agriculture",Seed,,
Cassius Family,VC - Small fund,United States,"Content, Commerce, Consumer Technology",Early Stage Venture,,
Catapult Ventures,VC - Small fund,United States,"Healthcare, Information Technology",Venture (General),,
Causeway Media Partners,VC - Small fund,United States,"Sports Media, Entertainment","Early Stage Venture, Late Stage Venture",,
Cayuga Venture Fund,VC - Small fund,United States,"Clean Technology, Consumer Discretionary, Food and Agriculture, Healthcare, Industrials, Information Technology, Materials, Telecoms, Media, and Communications","Early Stage, Early Stage: Seed, Early Stage: Start-up, Expansion / Late Stage, Growth, Venture (General)",,
Center Electric,VC - Small fund,United States,Information Technology,"Early Stage, Venture (General)",,
CerraCap Ventures,VC - Small fund,United States,"Business Services, Healthcare, Information Technology","Early Stage, Early Stage: Start-up",,
Cervin Ventures,VC - Small fund,United States,"Software, Business Services, IT Infrastructure","Early Stage Venture, Late Stage Venture, Seed",,
Chaac Ventures,VC - Small fund,United States,Diversified,Seed Stage,,
Chattanooga Renaissance Fund,VC - Small fund,United States,"Technology, Beverages, Gambling, Software, Education / Training, Business Services, Medical Devices, Digital Media, Telecom Media","Early Stage Venture, Seed",,
Chicago Ventures,VC - Small fund,United States,Technology,"Early Stage Venture, Seed",,
Chilango Ventures,VC - Small fund,United States,Financial Services,"Early Stage Venture, Seed",,
CityBlock Capital,VC - Small fund,United States,Security,Early Stage Venture,,
Civilization Ventures,VC - Small fund,United States,Healthcare,"Early Stage, Early Stage: Seed, Early Stage: Start-up",,
Cloud Apps Capital Partners,VC - Small fund,United States,Wireless,Early Stage Venture,,
Cloudstone Venture Fund,VC - Small fund,United States,"Healthcare, Industrials, Information Technology","Buyout, Early Stage: Start-up, Growth, Venture (General)",,
Co=Creation=Capital,VC - Small fund,United States,"Technology, Business Services","Early Stage Venture, Seed",,
Cofounders Capital,VC - Small fund,United States,"Technology, IT, Software, Healthcare IT","Early Stage Venture, Seed",,
Collaborative Fund,VC - Small fund,United States,"Technology, Consumer Products, Consumer Services, Internet","Early Stage Venture, Seed",,
Come Up Capital,VC - Small fund,United States,"Technology, Internet","Early Stage Venture, Seed",,
Comet Labs,VC - Small fund,United States,"Artificial Intelligence, Hardware, Incubators, Machine Learning, Robotics, Venture Capital","Early Stage Venture, Seed",,
Commerce Ventures,VC - Small fund,United States,"Telecoms, Retail, Internet","Early Stage Venture, Late Stage Venture, Seed",,
Communitas Capital,VC - Small fund,United States,"Business Services, Real Estate, Telecoms, Media, and Communications","Early Stage, Early Stage: Start-up",,
Compound Labs,VC - Small fund,United States,"Block chain, Ethereum, Internet",Seed,,
Congruent Ventures,VC - Small fund,United States,Clean Technology,"Early Stage Venture, Seed",,
Connectivity Ventures,VC - Small fund,United States,"Business Services, Healthcare, Information Technology",Early Stage,,
ConsenSys Ventures,VC - Small fund,United States,Technology,Early Stage: Seed,,
Contour Venture Partners,VC - Small fund,United States,"Finance, SaaS","Early Stage Venture, Late Stage Venture, Private Equity, Seed",,
Contrary Capital,VC - Small fund,United States,Financial Services,Seed,,
Coplex Ventures,VC - Small fund,United States,Software,Seed,,
Corazon Capital,VC - Small fund,United States,Technology,"Seed, Series A",,
Core Ventures Group,VC - Small fund,United States,Technology,"Seed, Early Stage: Start-up",,
Corigin Ventures,VC - Small fund,United States,"Business Services, Consumer Discretionary, Diversified, Healthcare, Information Technology, Telecoms, Media, and Communication","Early Stage, Early Stage: Seed, Early Stage: Start-up",,
Cota Capital,VC - Small fund,United States,Technology,Early Stage Venture,,
Counterview Capital,VC - Small fund,United States,Diversified,Seed,,
Courtside Ventures,VC - Small fund,United States,"Technology, Media, Leisure","Early Stage Venture, Seed",,
CoVenture,VC - Small fund,United States,"Technology, Software",Early Stage Venture,,
Cowboy Ventures,VC - Small fund,United States,"Technology, Consumer Products, IT, High-Tech, Internet, Information Services","Early Stage Venture, Seed",,
Craftsman Capital Partners,VC - Small fund,United States,"Business Services, Consumer Discretionary, Energy and Utilities, Healthcare, Industrials, Information Technology","Complex Situation, Divestiture, Growth, Management Buyout, Recapitalisation, Special Situations",,
Creative Ventures,VC - Small fund,United States,"AgTech, Artificial Intelligence, Computer Vision, Construction, Health Care, Industrial, Manufacturing, Robotics, Venture Capital","Early Stage Venture, Seed",,
Crestlight,VC - Small fund,United States,"Technology, Retail, Transportation, Manufacturing, Internet, Logistics",Seed,,
Cross Culture Ventures,VC - Small fund,United States,Diversified,Early Stage,,
Cross Valley,VC - Small fund,United States,"Technology, Logistics, Wireless, Healthcare IT",Early Stage,,
CrowdFunder,VC - Small fund,United States,"Crowdfunding, Financial Services","Crowdfunding, Early Stage Venture, Seed",,
CrunchFund,VC - Small fund,United States,"IT, Software, Internet, Gaming","Early Stage Venture, Late Stage Venture, Seed",,
Crystal Tech Fund,VC - Small fund,United States,Technology,Seed,,
Crystal Towers Capital,VC - Small fund,United States,Technology,"Early Stage: Seed, Fund of Funds, Growth",,
CSR Venture Capital,VC - Small fund,United States,"Transportation, Manufacturing, Construction, Energy, Clean Technology, Materials","Seed, Early Stage Venture",,
Cultivation Capital,VC - Small fund,United States,https://www.harrisonmetal.com/,"Early Stage Venture, Seed",,
CVP,VC - Small fund,United States,Technology,"Early Stage Venture, Late Stage Venture, Seed",,
Darling Ventures,VC - Small fund,United States,"Mobile Technology, Data Intelligence",Seed,,
Data Collective,VC - Small fund,United States,"Technology, IT, Computer Services, IT Infrastructure","Early Stage Venture, Late Stage Venture, Seed",,
Data Point Capital,VC - Small fund,United States,Internet,"Early Stage Venture, Seed",,
Defy Partners,VC - Small fund,United States,"Financial Services, Technology",Early Stage Venture,,
Designer Fund,VC - Small fund,United States,Diversified,Start-up,,
Detroit Venture Partners,VC - Small fund,United States,"Technology, High-Tech, Software, Digital Media, IT Security","Early Stage Venture, Seed",,
DHVC,VC - Small fund,United States,"Technology, Telecoms, IT, High-Tech, Software, Internet, Computer Services, Medical Devices, Materials","Early Stage Venture, Late Stage Venture, Seed",,
Digital Currency Group,VC - Small fund,United States,"Technology, Financial Services, Software, IT Security, IT Infrastructure","Early Stage Venture, Late Stage Venture, Seed",,
Divergent Ventures,VC - Small fund,United States,"Big Data, Cloud Computing, Storage","Early Stage Venture, Late Stage Venture, Seed",,
Diversis Capital,VC - Small fund,United States,"Business Services, Clean Technology, Consumer Discretionary, Diversified, Energy and Utilities, Food and Agriculture, Healthcare, Industrials, Information Technology, Materials, Real Estate, Telecoms, Media, and Communications","Buyout, Distressed Debt, Growth, Special Situations, Spin-Offs, Succession, Turnaround",,
DominateFund,VC - Small fund,United States,"Technology, Media, Marketing, Digital Media, Telecom Media",Seed,,
Donovan Ventures,VC - Small fund,United States,"Oil & Gas, Energy",Early Stage Venture,,
Dorm Room Fund,VC - Small fund,United States,"Hardware, AI, Healthcare, E-Commerce, Enterprise, FoodTech, CleanTech, EdTech, Sports",Seed,,
Dot Capital Corp,VC - Small fund,United States,"Software, Internet, Digital Media, IT Infrastructure","Early Stage Venture, Late Stage Venture",,
Draft VC,VC - Small fund,United States,"Consumer Discretionary, Information Technology, Telecoms, Media, and Communications","Early Stage, Early Stage: Seed, Early Stage: Start-up",,
Draper Nexus Ventures,VC - Small fund,United States,"IT, Internet, Clean Technology, IT Security, IT Infrastructure","Early Stage Venture, Seed",,
Dream Machine,VC - Small fund,United States,"Business Services, Consumer Discretionary, Information Technology, Telecoms, Media, and Communications","Early Stage, Early Stage: Seed",,
DRK Foundation,VC - Small fund,United States,Technology,Venture (General),,
Dundee Venture Capital,VC - Small fund,United States,"Technology, Software, Internet, Business Services, Marketing","Early Stage Venture, Seed",,
Dynamo,VC - Small fund,United States,"Technology, Supply Chain, Transportation, Industrials",Early Stage,,
E14 Fund,VC - Small fund,United States,"Consumer Discretionary, Healthcare, Information Technology","Early Stage, Early Stage: Seed, Early Stage: Start-up",,
Early Impact Ventures,VC - Small fund,United States,Food and Agriculture,"Early Stage, Early Stage: Seed",,
Ecosystem Integrity Fund,VC - Small fund,United States,"Technology, Environmental Services, Agriculture, Chemicals, Energy, Timber, Food, Natural Resources, Clean Technology, Renewable Energy, Shipping","Early Stage Venture, Late Stage Venture",,
EES Ventures,VC - Small fund,United States,"Energy, Clean Technology","Early Stage Venture, Seed",,
Ekistic Ventures,VC - Small fund,United States,"Healthcare, Consumer Services, Transportation, Infrastructure, Food","Early Stage Venture, Seed",,
eLab VC,VC - Small fund,United States,Technology,Early Stage Venture,,
Elefund,VC - Small fund,United States,"Business Services, Diversified, Energy and Utilities, Information Technology",Early Stage Venture,,
Elementum Ventures,VC - Small fund,United States,"Diversified, Information Technology","Early Stage, Venture (General)",,
Elephant,VC - Small fund,United States,"IT, Software, Internet, IT Security, Gaming","Early Stage Venture, Seed",,
Embark Ventures,VC - Small fund,United States,"Technology, High-Tech, IT Security","Early Stage Venture, Seed",,
Emergent Ventures,VC - Small fund,United States,"Technology, Enterprise, Supply Chain",Seed,,
Endure Capital,VC - Small fund,United States,"Transportation, Cross Border Commerce, Digital Health, Block Chain, AI","Early Stage Venture, Seed",,
Energy Innovation Capital,VC - Small fund,United States,"Clean Technology, Energy and Utilities, Information Technology, Materials","Growth, Natural Resources, Venture (General)",,
Engineering Capital,VC - Small fund,United States,"Technology, IT",Seed,,
Exponent,VC - Small fund,United States,"Healthcare, Information Technology, Telecoms, Media, and Communications",Early Stage,,
ExSight Ventures,VC - Small fund,United States,"Pharmaceuticals, Healthcare, Life Sciences, Biotechnology, Medical Instruments, Biomedical, Medical Devices, Medical Technologies, Predictive Medicine, Healthcare IT",Early Stage Venture,,
Falcon Edge Capital,VC - Small fund,United States,"Media, Digital Media",Public Equity,,
FAN Fund,VC - Small fund,United States,"Technology, IT, Life Sciences, High-Tech, Software, Medical Instruments, Education / Training, Infrastructure, Business Services, Medical Devices, Medical Technologies, IT Security, Gaming","Early Stage Venture, Seed",,
Fathom Capital,VC - Small fund,United States,"Diversified, Information Technology",Venture (General),,
Fearless Ventures,VC - Small fund,United States,Diversified,Venture (General),,
Female Founders Fund,VC - Small fund,United States,"Technology, Retail, Media, Internet, Advertising","Early Stage Venture, Seed",,
ff Venture Capital,VC - Small fund,United States,"Cybersecurity, AI, Machine Learning, Enterprise Cloud Software, Crowdfunding","Debt, Early Stage Venture, Late Stage Venture, Seed",,
Fifth Season Ventures,VC - Small fund,United States,"Environmental Services, Clean Technology, Renewable Energy",Early Stage Venture,,
Fika Ventures,VC - Small fund,United States,Tech,Seed,,
Firebolt Ventures,VC - Small fund,United States,"Diversified, Healthcare, Information Technology, Telecoms, Media, and Communications","Early Stage, Early Stage: Seed, Early Stage: Start-up",,
Firebrand Ventures,VC - Small fund,United States,Software,"Early Stage Venture, Seed",,
FireStarter Fund,VC - Small fund,United States,"Retail, Consumer Services, Software, Internet, Marketing, Digital Media, Telecom Media","Early Stage Venture, Seed",,
First Access Fund,VC - Small fund,United States,"Big Data, Emerging Markets, Finance,Financial Services, FinTech, Mobile,Predictive Analytics","Venture Debt, Venture Debt, Series A/Round 1",,
First Star Ventures,VC - Small fund,United States,"Technology, IT, High-Tech, Software, Internet, IT Security, IT Infrastructure","Early Stage Venture, Seed",,
Firstrock Capital,VC - Small fund,United States,"Consumer Products, Internet","Early Stage Venture, Seed",,
Fitz Gate Ventures,VC - Small fund,United States,Diversified,"Early Stage Venture, Seed",,
FJ Labs,VC - Small fund,United States,"Consumer Products, Consumer Services","Early Stage Venture, Seed",,
Flashpoint,VC - Small fund,United States,Technology,"Early Stage, Early Stage: Seed, Early Stage: Start-up",,
Flight Ventures,VC - Small fund,United States,Diversified,"Early Stage Venture, Late Stage Venture, Seed",,
Flybridge Capital Partners,VC - Small fund,United States,Technology,"Early Stage Venture, Seed",,
Foley Ventures,VC - Small fund,United States,Diversified,Early Stage Venture,,
Forté Ventures,VC - Small fund,United States,"Technology, Telecoms, IT, High-Tech, Information Services, Marketing, Digital Media, Healthcare IT, IT Security, Telecom Media, Advertising","Early Stage Venture, Late Stage Venture, Seed",,
Founder Collective,VC - Small fund,United States,"Advertising, E-Commerce, Hardware, Health Care, Internet of Things, Marketplace, Mobile, SaaS, Software",Seed,,
Founder Equity,VC - Small fund,United States,Technology,"Early Stage Venture, Seed",,
Founders Co-Op,VC - Small fund,United States,"Information Technology, Telecoms, Media, and Communications","Early Stage: Seed, Early Stage: Start-up",,
Freestyle Capital,VC - Small fund,United States,"Internet, Software, Technology","Early Stage Venture, Seed",,
Frontcourt Ventures,VC - Small fund,United States,"Healthcare, Diversified",Middle Innings' of Company Growth,,
Frontier Ventures,VC - Small fund,United States,"Internet, Digital Media","Early Stage Venture, Seed",,
Frost Data Capital,VC - Small fund,United States,"Technology, IT, Software, Healthcare IT","Early Stage Venture, Seed",,
Fuel Capital,VC - Small fund,United States,"Consumer, SaaS, and Cloud Infrastructure","Early Stage Venture, Seed",,
Fung Capital,VC - Small fund,United States,"Technology, Supply Chain","Early Stage Venture, Late Stage Venture",,
Fusion Fund,VC - Small fund,United States,"Technology, Telecoms, Healthcare, Transportation, Manufacturing, Media, Financial Services, Engineering, IT, High-Tech, Software, Electronics, Hardware, Semiconductors, Medical Devices, Medical Technologies, Nanotechnology, Clean Technology, Renewable Energy, Healthcare IT, IT Infrastructure, Materials","Early Stage Venture, Seed",,
Future Perfect Ventures,VC - Small fund,United States,"Business Services, Consumer Discretionary, Healthcare, Information Technology, Telecoms, Media, and Communications",Early Stage,,
Fyrfly VC,VC - Small fund,United States,Information Technology,"Early Stage, Early Stage: Seed, Early Stage: Start-up",,
G Squared,VC - Small fund,United States,"IT, Biotechnology, Energy, Clean Technology",Late Stage Venture,,
G20 Ventures,VC - Small fund,United States,"Technology, IT, Software, IT Infrastructure","Early Stage Venture, Seed",,
Galvanize (aka Upslope Ventures),VC - Small fund,United States,"Technology, IT, Diversified, Digital Media","Early Stage Venture, Seed",,
Gelt VC,VC - Small fund,United States,Art,Seed,,
gener8tor,VC - Small fund,United States,"Technology, IT, Software, Hardware","Early Stage Venture, Seed",,
Genoa Ventures,VC - Small fund,United States,"Biotechnology, Life Science",Early Stage,,
Glasswing Ventures,VC - Small fund,United States,"AI, Technology, Automation",Venture (General),,
Go VC,VC - Small fund,United States,"Diversified, Information Technology","Early Stage, Early Stage: Start-up",,
GoAhead Ventures,VC - Small fund,United States,Diversified,"Early Stage Venture, Seed",,
GoodAI,VC - Small fund,United States,Information Technology,Venture (General),,
Govtech Fund,VC - Small fund,United States,"IT, Software, Hardware","Early Stage Venture, Late Stage Venture, Seed",,
GPB Capital,VC - Small fund,United States,"Industrial, Diversified","Buyout, Co-Investment, Expansion / Late Stage, Growth, Special Situations",,
Great North Labs and Great North Capital Fund,VC - Small fund,United States,Technology,Early Stage,,
Green Bay Advisors,VC - Small fund,United States,"Technology, Life Sciences, Energy","Early Stage Venture, Late Stage Venture, Seed",,
GritLabs,VC - Small fund,United States,"Business Services, Food and Agriculture, Healthcare, Industrials, Information Technology","Early Stage, Early Stage: Seed, Early Stage: Start-up",,
GrowthX,VC - Small fund,United States,Diversified,Seed,,
Hackers/Founders,VC - Small fund,United States,"Consulting Services, Software, Technology","Crowdfunding, Debt, Early Stage Venture, Private Equity, Seed",,
Halogen Ventures,VC - Small fund,United States,"Consumer Products, Consumer Services","Early Stage Venture, Seed",,
Hangar Ventures,VC - Small fund,United States,"Technology, Security, AI, Healthcare, Government",Early Stage Ventures,,
Hanover Capital,VC - Small fund,United States,Technology,"Early Stage Venture, Seed",,
Happiness Ventures,VC - Small fund,United States,Technology,"Early Stage Venture, Seed",,
Harbor Pacific Capital,VC - Small fund,United States,"Technology, Consumer Products, Retail, Distribution, Consumer Services, Electronics, Internet, Education / Training, Entertainment, Digital Media, Clean Technology, Wireless","Early Stage Venture, Late Stage Venture, Seed",,
Hardware Club,VC - Small fund,United States,Hardware,"Early Stage Venture, Seed",,
Harrison Metal,VC - Small fund,United States,Technology,Early Stage Venture,,
Haystack Fund,VC - Small fund,United States,"Consumer Services, Software, Internet","Early Stage Venture, Seed",,
Healthfundr,VC - Small fund,United States,"Healthcare, Technology, Internet, Security",Early Stage Venture,,
HealthInvest Equity Partners,VC - Small fund,United States,Healthcare,"Seed, Early Stage, Expansion Stage, Late Stage",,
HealthX Ventures,VC - Small fund,United States,"Healthcare, Software, Healthcare IT","Early Stage Venture, Seed",,
Healthy Ventures,VC - Small fund,United States,"Technology, Healthcare, Software, Healthcare IT","Early Stage Venture, Seed",,
Heartland Ventures,VC - Small fund,United States,"Consumer Discretionary, Industrials, Information Technology","Early Stage, Early Stage: Start-up",,
Heavybit,VC - Small fund,United States,"Cloud Infrastructure, Developer Tools, APIs","Early Stage Venture, Seed",,
Hemi Ventures,VC - Small fund,United States,"Autonomous Vehicles, Artificial Intelligence Applications, Biotech.",Early Stage Venture,,
Heroic Ventures,VC - Small fund,United States,Diversified,"Early Stage Venture, Seed",,
High Alpha,VC - Small fund,United States,"IT, Internet, Business Services, Wireless","Early Stage Venture, Seed",,
Highlander Fund,VC - Small fund,United States,"AgTech, Water, Enterprise SaaS",Early Stage Venture,,
Hinge Capital,VC - Small fund,United States,"Technology, Telecoms, High-Tech, Internet, Digital Media, Telecom Media","Early Stage Venture, Late Stage Venture, Seed",,
Homebrew,VC - Small fund,United States,"Technology, IT, Internet","Early Stage Venture, Seed",,
House Fund,VC - Small fund,United States,"Consumer Discretionary, Diversified, Healthcare, Information Technology, Telecoms, Media, and Communications","Early Stage: Seed, Early Stage: Start-up",,
Human Ventures,VC - Small fund,United States,Technology,Seed,,
Huron River Ventures,VC - Small fund,United States,"Engineering, Software, Energy, Power, Clean Technology, Renewable Energy, Materials","Early Stage Venture, Seed",,
Hustle Fund,VC - Small fund,United States,Technology,Seed,,
Hyde Park Venture Partners,VC - Small fund,United States,"Technology, Business Services, Healthcare IT","Debt, Early Stage Venture, Late Stage Venture, Seed",,
I2A Fund,VC - Small fund,United States,Technology,"Debt, Early Stage Venture, Late Stage Venture, Seed",,
ID Ventures Ameriva,VC - Small fund,United States,"Technology, Diversified","Early Stage Venture, Late Stage Venture, Private Equity",,
iFly.vc,VC - Small fund,United States,"Technology, Commerce","Early Stage Venture, Seed",,
Ignite Farm,VC - Small fund,United States,"Consumer Products, Consumer Services, Food, Digital Media, Gaming","Early Stage Venture, Seed",,
Illinois Ventures,VC - Small fund,United States,"Technology, Research","Early Stage Venture, Late Stage Venture, Seed",,
Illuminate Ventures,VC - Small fund,United States,"Analytics, Big Data, Cloud Computing, Enterprise Software, Mobile, SaaS","Early Stage Venture, Seed",,
Imaginary Ventures,VC - Small fund,United States,"Technology, Consumer Products, Retail, Internet",Early Stage Venture,,
Impact America Fund,VC - Small fund,United States,"Technology, Healthcare, Financial Services, Software, Education / Training","Early Stage Venture, Seed",,
Impact Venture Capital,VC - Small fund,United States,"Business Services, Consumer Discretionary, Food and Agriculture, Healthcare, Industrials, Information Technology, Telecoms, Media, and Communication","Early Stage, Early Stage: Seed, Early Stage: Start-up",,
Inception Sciences,VC - Small fund,United States,"Pharmaceuticals, Healthcare",Venture (General),,
InCube Ventures,VC - Small fund,United States,Healthcare,"Early Stage, Early Stage: Seed, Early Stage: Start-up, Expansion / Late Stage, Venture (General)",,
IncWell,VC - Small fund,United States,"Technology, Healthcare, Consumer Products, Industrial, Manufacturing, Software, Medical Devices, Clean Technology","Early Stage Venture, Seed",,
Indicator Ventures,VC - Small fund,United States,Media,"Early Stage Venture, Seed",,
Indie.vc,VC - Small fund,United States,"Finance, Diversified",Seed,,
IndusAge Partners,VC - Small fund,United States,"Technology, Telecoms, Healthcare, Financial Services, IT, Internet, Education / Training, Clean Technology","Early Stage Venture, Seed",,
Infinite Road Capital,VC - Small fund,United States,"Business Services, Consumer Discretionary, Diversified, Information Technology","Early Stage, Early Stage: Seed",,
Inner Loop Capital,VC - Small fund,United States,Cybersecurity,Seed,,
InSite Partners,VC - Small fund,United States,"Telecom, Nanotechnology, MEMS, Battery Technology, Optical, Semiconductor, Biotech, Data Analytics, Software, Solar, Wind, Life Sciences",Early Stage Venture,,
Inspiration Ventures,VC - Small fund,United States,"Information Technology, Telecoms, Media, and Communications",Early Stage: Seed,,
Interlock Partners,VC - Small fund,United States,"Technology, Digital Media, Aerial Data/Analytics, Education, FinTech",Early Stage Venture,,
Inventures,VC - Small fund,United States,"Healthcare, Financial Services, Environmental Services, Diversified, Education / Training, Business Services","Early Stage Venture, Seed",,
Inventus Capital Partners,VC - Small fund,United States,"Technology, Consumer Services, Diversified","Early Stage Venture, Late Stage Venture, Seed",,
iResearch Capital,VC - Small fund,United States,"Healthcare, Consumer Products, Consumer Services, Internet, Entertainment, Business Services","Early Stage, Early Stage: Seed, Early Stage: Start-up, Expansion / Late Stage, Venture (General)",,
iSeed Ventures,VC - Small fund,United States,"Consumer Discretionary, Healthcare, Information Technology, Telecoms, Media, and Communications","Early Stage, Early Stage: Seed, Early Stage: Start-up",,
"ITR VENTURES, LLC",VC - Small fund,United States,"Digital Consumer Services, Digital Enterprise","Early Stage Venture, Seed",,
JANVEST Capital Partners,VC - Small fund,United States,Information Technology,"Early Stage Venture, Seed",,
K5 Ventures,VC - Small fund,United States,Technology,"Crowdfunding, Early Stage Venture, Private Equity, Seed",,
K9 Ventures,VC - Small fund,United States,Technology,"Early Stage Venture, Seed",,
Kairos VC,VC - Small fund,United States,"Artificial Intelligence, Computer Vision, Developer APIs, Enterprise Software, Facial Recognition, Machine Learning, Mobile, SaaS, Software",Early Stage Venture,,
Kairos Ventures,VC - Small fund,United States,Diversified,Early Stage,,
Karlani Capital,VC - Small fund,United States,"Technology, Telecoms, Retail, Financial Services, Internet, Telecom Media, Advertising","Buyout, Early Stage, Early Stage: Start-up",,
KdT Ventures,VC - Small fund,United States,"Clean Technology, Food and Agriculture, Healthcare, Industrials, Information Technology, Materials","Early Stage, Early Stage: Seed",,
KEC Ventures,VC - Small fund,United States,Diversified,"Balanced, Early Stage, Early Stage: Seed, Early Stage: Start-up, Expansion / Late Stage, pre-IPO, Venture (General)",,
Keiretsu Capital,VC - Small fund,United States,Technology,"Co-Investment, Early Stage, Early Stage: Seed, Early Stage: Start-up, Expansion / Late Stage, Real Estate, Real Estate Fund of Funds, Spin-Offs, Venture (General)",,
Kepha Partners,VC - Small fund,United States,"Advertising, Consumer, FinTech, SaaS, Security","Early Stage Venture, Late Stage Venture, Seed",,
Kickstart Seed Fund,VC - Small fund,United States,"Technology, Life Science","Early Stage Venture, Late Stage Venture, Seed",,
KiloWatt,VC - Small fund,United States,Technology,Venture (General),,
Kiwi Venture Partners,VC - Small fund,United States,Technology,"Early Stage, Early Stage: Seed, Early Stage: Start-up, Venture (General)",,
Kokopelli Capital,VC - Small fund,United States,Diversified,"Early Stage, Early Stage: Seed, Early Stage: Start-up",,
L2 Capital,VC - Small fund,United States,"Business Services, Clean Technology, Consumer Discretionary, Industrials, Information Technology","Buyout, Growth",,
Laconia Capital Group,VC - Small fund,United States,B2B software (sector-agnostic within b2b),Early Stage,,
Lakehouse,VC - Small fund,United States,Technology,Early Stage,,
Lamp Post Group,VC - Small fund,United States,"Transportation, Logistics","Early Stage, Early Stage: Start-up",,
Las Olas Venture Capital,VC - Small fund,United States,"Technology, Financial Services, High-Tech, Software, Hardware, Education / Training, Healthcare IT, IT Security, IT Infrastructure","Early Stage, Early Stage: Seed, Early Stage: Start-up",,
Launchpad Digital Health,VC - Small fund,United States,"Health Care, Information Technology, Mobile",Seed,,
Lavrock Ventures,VC - Small fund,United States,"Technology, Software, Defense, Business Services, IT Security",Early Stage: Start-up,,
LDV Capital,VC - Small fund,United States,"Technology, IT, Software, Hardware","Early Stage, Early Stage: Start-up",,
Leap Global Partners,VC - Small fund,United States,"Business Services, Consumer Discretionary, Diversified, Healthcare, Information Technology, Telecoms, Media, and Communications","Early Stage, Early Stage: Seed, Early Stage: Start-up",,
Lemnos Labs,VC - Small fund,United States,"Software, Hardware","Early Stage: Seed, Early Stage: Start-up",,
Liberation Capital,VC - Small fund,United States,Clean Technology,"Buyout, Early Stage: Start-up, Expansion / Late Stage, Growth, Natural Resources",,
Liberty City Ventures,VC - Small fund,United States,"Business Services, Consumer Discretionary, Diversified, Information Technology, Telecoms, Media, and Communication","Early Stage, Early Stage: Seed, Early Stage: Start-up",,
LifeForce Capital,VC - Small fund,United States,"Diversified, Healthcare","Early Stage, Early Stage: Seed",,
Linse Capital,VC - Small fund,United States,Transportation,Expansion / Late Stage,,
Liquid 2 Ventures,VC - Small fund,United States,Diversified,"Early Stage: Seed, Early Stage: Start-up, Venture (General)",,
Listen Ventures,VC - Small fund,United States,Consumer Brands,"Early Stage Venture, Seed",,
LiveOak Venture Partners,VC - Small fund,United States,"Business Services, Information Technology","Early Stage, Early Stage: Seed, Early Stage: Start-up, Expansion / Late Stage, Venture (General)",,
Longwood Fund,VC - Small fund,United States,Biotechnology,"Buyout, Early Stage: Seed, Early Stage: Start-up, Management Buyout, Recapitalisation, Venture (General)",,
Loup Ventures,VC - Small fund,United States,"Technology, IT, High-Tech, Software, Internet, Gaming",Early Stage,,
Lowercase Capital,VC - Small fund,United States,"Wireless, Media, Commerce, Infrastructure, Energy, Transportation","Early Stage Venture, Late Stage Venture, Seed",,
Ludlow Ventures,VC - Small fund,United States,"Consumer Products, Consumer Services, Hardware, Business Services","Early Stage, Early Stage: Seed, Early Stage: Start-up, Venture (General)",,
Lumia Capital,VC - Small fund,United States,"Business Services, Consumer Discretionary, Food and Agriculture, Healthcare, Industrials, Information Technology, Telecoms, Media, and Communications","Early Stage, Early Stage: Seed, Early Stage: Start-up, Expansion / Late Stage",,
Luminari Capital,VC - Small fund,United States,"Digital Media, Technology","Early Stage Venture, Late Stage Venture, Seed",,
M25 Group,VC - Small fund,United States,"Healthcare, Consumer Products, Retail, Consumer Services, Media, Financial Services, Diversified, Business Services, Telecom Media","Early Stage, Early Stage: Seed, Early Stage: Start-up, Venture (General)",,
Maiden Lane,VC - Small fund,United States,Education,Seed,,
MainLine Investment Partners,VC - Small fund,United States,Diversified,"Buyout, Early Stage, Growth, Venture (General)",,
Manifest Growth,VC - Small fund,United States,"Advertising, Business Services, High-Tech, Internet, Marketing, Software, Technology","Early Stage, Expansion / Late Stage, Growth, Venture (General)",,
Marcy VP,VC - Small fund,United States,Diversified,"Early Stage Venture, Seed",,
Mark 2 Capital,VC - Small fund,United States,"Business Services, Information Technology",Venture Debt,,
Marker,VC - Small fund,United States,Diversified,"Early Stage Venture, Late Stage Venture, Seed",,
Material Impact Fund,VC - Small fund,United States,Technology,Venture (General),,
Math Venture Partners (MVP),VC - Small fund,United States,"Technology, Food, Diversified","Early Stage Venture, Seed",,
Matter,VC - Small fund,United States,Media,"Early Stage, Early Stage: Seed, Early Stage: Start-up",,
Maven Ventures,VC - Small fund,United States,"Technology, Telecoms, Consumer Products, Consumer Services, Internet, Digital Media","Early Stage: Seed, Early Stage: Start-up",,
Maxfield Capital,VC - Small fund,United States,"Technology, IT, Software, Internet","Early Stage, Early Stage: Seed",,
McCune Capital,VC - Small fund,United States,"Technology, Industrial, Distribution, Transportation, Manufacturing, Construction, Media, High-Tech, Software, Logistics, Infrastructure, Clean Technology, Shipping, Property","Early Stage, Early Stage: Seed",,
MedMen,VC - Small fund,United States,"Pharmaceuticals, Healthcare, Agriculture",Venture (General),,
MentorTech Ventures,VC - Small fund,United States,"Healthcare, Information Technology, Materials, Telecoms, Media, and Communications","Early Stage, Early Stage: Seed, Venture (General)",,
MESA+,VC - Small fund,United States,"Business Services, Consumer Discretionary, Information Technology, Telecoms, Media, and Communications","Early Stage, Early Stage: Seed, Early Stage: Start-up, Venture (General)",,
MHS Capital,VC - Small fund,United States,"Technology, Software, Internet","Early Stage Venture, Late Stage Venture, Seed",,
Michigan Angel Fund,VC - Small fund,United States,"Manufacturing, IT, Life Sciences, Clean Technology","Early Stage, Early Stage: Seed, Early Stage: Start-up",,
Mighty Capital,VC - Small fund,United States,"Technology, Healthcare, Consumer Services, Diversified",Venture (General),,
Militello Capital,VC - Small fund,United States,"Technology, IT, High-Tech, Software, Internet, Computer Services, Digital Media, Network","Early Stage, Early Stage: Seed, Venture (General)",,
Mindset Ventures,VC - Small fund,United States,"Technology, Healthcare, Financial Services, Agriculture, Education / Training, Healthcare IT, IT Security","Co-Investment, Early Stage, Early Stage: Seed, Early Stage: Start-up, Expansion / Late Stage, Growth, Venture (General)",,
Miramar,VC - Small fund,United States,"Medical Devices, Healthcare","Series B/Round 2, Venture Debt, Venture Debt, Series C/Round 3, Venture Debt, Series D/Round 4, Unspecified Round, Venture Debt, PIPE",,
MissionOG,VC - Small fund,United States,"Technology, Software","Early Stage, Early Stage: Start-up, Expansion / Late Stage, Growth, Venture (General)",,
Moderne Ventures,VC - Small fund,United States,"Technology, Construction, Media, Financial Services, IT, Internet, Information Services, Business Services, Marketing, Digital Media, Insurance, Property, Hotels and Offices","Early Stage, Early Stage: Start-up",,
Moment Ventures,VC - Small fund,United States,"Artificial Intelligence, Information Technology, Infrastructure, Internet of Things, Marketplace, Robotics, SaaS, Venture Capital","Early Stage Venture, Seed",,
Moneta Ventures,VC - Small fund,United States,"Technology, Healthcare, Consumer Services, IT, Software, Internet, Information Services, Medical Technologies, Healthcare IT, Gaming","Early Stage, Early Stage: Start-up",,
Monstro.VC,VC - Small fund,United States,Information Technology,Early Stage,,
Monta Vista Capital,VC - Small fund,United States,"Technology, Software","Early Stage, Early Stage: Seed, Early Stage: Start-up",,
Montage,VC - Small fund,United States,"Enterprise Software, SaaS, Video",Late Stage Venture,,
Montage Ventures,VC - Small fund,United States,"Business Services, Consumer Discretionary, Energy and Utilities, Food and Agriculture, Healthcare, Industrials, Real Estate","Early Stage, Early Stage: Start-up, Venture (General)",,
Moonshots Capital,VC - Small fund,United States,"Technology, Cybersecurity, Finance, SaaS","Early Stage Venture, Seed",,
Morado Venture Partners,VC - Small fund,United States,"Media, Internet, Network, Gaming","Early Stage, Early Stage: Seed, Early Stage: Start-up",,
Mosaik Partners,VC - Small fund,United States,"Business Services, Consumer Discretionary, Healthcare, Industrials, Information Technology, Telecoms, Media, and Communications","Early Stage, Expansion / Late Stage, Growth, Venture (General)",,
Mosley Ventures,VC - Small fund,United States,"Technology, Communications, IT, Software, Internet, Digital Media, Wireless, Healthcare IT, IT Security",Early Stage: Start-up,,
Motus Ventures,VC - Small fund,United States,IT,"Early Stage, Early Stage: Seed, Early Stage: Start-up, Spin-Offs",,
Mucker Capital,VC - Small fund,United States,"Business Services, Information Technology, Telecoms, Media, Communications","Early Stage: Seed, Early Stage: Start-up, Spin-Offs, Venture (General)",,
Muse Capital,VC - Small fund,United States,"FinTech, Healthcare, Entertainment",Early Stage Venture,,
Nebraska Global,VC - Small fund,United States,Software,"Spin-Offs, Venture (General)",,
New Age Capital,VC - Small fund,United States,Technology,Venture (General),,
New Crop Capital,VC - Small fund,United States,"Agriculture, Food","Early Stage, Early Stage: Seed, Early Stage: Start-up",,
New Ground Ventures,VC - Small fund,United States,"Technology, Healthcare, Software, Internet, Leisure, Education / Training, Food","Early Stage, Early Stage: Start-up",,
New Market Ventures,VC - Small fund,United States,"Business Services, Consumer Discretionary, Healthcare, Information Technology","Early Stage, Expansion / Late Stage, Growth, Venture (General)",,
New Richmond Ventures,VC - Small fund,United States,Diversified,"Early Stage, Early Stage: Start-up, Expansion / Late Stage",,
NewSchools Venture Fund,VC - Small fund,United States,Education,"Debt, Early Stage Venture, Grant, Late Stage Venture, Private Equity, Seed",,
Next 10 Ventures,VC - Small fund,United States,"Digital Entertainment, Financial Services",Early Stage: Start-up,,
Next Coast Ventures,VC - Small fund,United States,"Technology, Retail, Software, Internet, Education / Training, Business Services, Digital Media, Wireless",Early Stage: Start-up,,
Next Frontier Capital,VC - Small fund,United States,"Technology, Healthcare, Software","Early Stage, Early Stage: Seed, Early Stage: Start-up, Expansion / Late Stage, Venture (General)",,
Next Level Ventures,VC - Small fund,United States,"Technology, Manufacturing, IT, Life Sciences, Biotechnology, Software, Computer Services, Biomedical, Business Services, Medical Devices, Medical Technologies, Clean Technology","Expansion / Late Stage, Growth",,
Next Wave Ventures,VC - Small fund,United States,"Technology, Healthcare, Consumer Products, Financial Services, Environmental Services, Agriculture, Energy, Education / Training, Food, Clean Technology","Early Stage: Seed, Early Stage: Start-up",,
NextGen Venture Partners,VC - Small fund,United States,"Consumer Products, Consumer Services, Software, Education / Training, Business Services, Digital Media, Network, IT Security, Telecom Media","Early Stage, Early Stage: Seed",,
NextView Ventures,VC - Small fund,United States,"Technology, IT, Software","Early Stage, Early Stage: Seed, Early Stage: Start-up",,
Nohovation,VC - Small fund,United States,Diversified,"Early Stage, Early Stage: Seed, Early Stage: Start-up",,
NoName Ventures,VC - Small fund,United States,Information Technology,"Early Stage, Early Stage: Seed, Early Stage: Start-up, Growth",,
Noro-Moseley Partners,VC - Small fund,United States,"Technology, Healthcare, Business Services","Early Stage Venture, Late Stage Venture, Seed",,
North Base Media,VC - Small fund,United States,Media,"Early Stage, Early Stage: Seed, Early Stage: Start-up, Growth, Venture (General)",,
Notation Capital,VC - Small fund,United States,Diversified,"Early Stage, Early Stage: Seed, Venture (General)",,
Nya Alpha Venture Partners,VC - Small fund,United States,"Business Development, Financial Services",Early Stage Venture,,
NYCA Partners,VC - Small fund,United States,"Technology, Financial Services","Early Stage, Early Stage: Start-up, Venture (General)",,
Oakhouse Partners,VC - Small fund,United States,"Business Services, Consumer Discretionary, Diversified, Healthcare, Industrials, Information Technology, Telecoms, Media, and Communications","Early Stage, Early Stage: Seed, Early Stage: Start-up, Expansion / Late Stage",,
Off the grid Ventures,VC - Small fund,United States,"Enterprise, FinTech","Pre-Seed, Seed",,
Okapi Ventures,VC - Small fund,United States,Information Technology,"Early Stage, Early Stage: Seed, Early Stage: Start-up",,
OneTen Capital,VC - Small fund,United States,"Technology, Engineering","Early Stage, Early Stage: Start-up",,
ONEVC,VC - Small fund,United States,Diversified,Early Stage,,
Orbis Capital,VC - Small fund,United States,"Consumer Discretionary, Information Technology",Early Stage: Start-up,,
Origin Ventures,VC - Small fund,United States,"Software, Digital Content, Online Marketplace","Early Stage Venture, Late Stage Venture, Seed",,
OS Fund,VC - Small fund,,"Advanced Materials, Artificial Intelligence, Bioinformatics, Biotechnology, Genetics, Life Science, Robotics",Venture (General),,
OVAL PARTNERS,VC - Small fund,United States,"Business Services, Consumer Discretionary, Industrials, Information Technology, Telecoms, Media, and Communications","Buyout, Growth",,
PALgenesis,VC - Small fund,United States,"Technology, Communications, Media, Advertising","Early Stage, Early Stage: Seed, Early Stage: Start-up",,
Parable Ventures,VC - Small fund,United States,Technology,"Seed, Early Stage",,
Parade Ventures,VC - Small fund,United States,Diversified,"Early Stage, Early Stage: Seed",,
Pathbreaker Ventures,VC - Small fund,United States,"Technology, Consumer Services, Business Services, Telecom Media","Early Stage, Early Stage: Seed, Early Stage: Start-up",,
Peak Ventures,VC - Small fund,United States,"Technology, Consumer Products, Retail, Financial Services, Hardware, Computer Services, Education / Training, Business Services, Marketing, Gaming","Early Stage, Early Stage: Seed",,
PeakSpan Capital,VC - Small fund,United States,"B2B, Enterprise Software, Information Technology",Early Stage Venture,,
Pear VC,VC - Small fund,United States,"Technology, Life Sciences","Early Stage, Early Stage: Seed, Early Stage: Start-up",,
Pear Ventures,VC - Small fund,United States,"Technology, Diversified","Early Stage Venture, Seed",,
Pereg Ventures,VC - Small fund,United States,"Technology, Media, Internet, Marketing, Gaming, Advertising","Early Stage, Venture (General)",,
Peterson Ventures,VC - Small fund,United States,"Clean Technology, Diversified","Early Stage Venture, Seed",,
Phyto Partners,VC - Small fund,United States,"Pharmaceuticals, Healthcare, Consumer Services, IT, Life Sciences, Biotechnology, High-Tech, Electronics, Internet, Environmental Services, Medical Instruments, Information Services, Biomedical, Logistics, Business Services, Marketing, Medical Technologies, Healthcare IT, IT Security, IT Infrastructure","Co-Investment, Early Stage, Early Stage: Seed, Early Stage: Start-up, Growth, pre-IPO, Venture (General), Venture Debt",,
Pilot Group,VC - Small fund,United States,"Digital Media, E-Commerce","Early Stage Venture, Private Equity, Seed",,
Pioneer Square Labs,VC - Small fund,United States,Technology,"Early Stage, Early Stage: Seed, Early Stage: Start-up",,
Pipeline Capital Partners,VC - Small fund,United States,"Diversified, Information Technology","Early Stage: Seed, Venture (General)",,
PivotNorth Capital,VC - Small fund,United States,Software,"Early Stage, Early Stage: Seed, Growth",,
Plus Capital,VC - Small fund,United States,Diversified,"Early Stage, Early Stage: Seed, Early Stage: Start-up, Venture (General)",,
Point Judith Capital (PJC),VC - Small fund,United States,"Energy, Hardware, Information Technology, Internet","Debt, Early Stage Venture, Late Stage Venture, Seed",,
PointGuard Ventures,VC - Small fund,United States,"Technology, Healthcare, IT, High-Tech, Software, Internet, Agriculture, Biomedical, Diversified, Education / Training, Medical Devices, Medical Technologies, Predictive Medicine, Wireless, Healthcare IT","Early Stage: Seed, Early Stage: Start-up, Expansion / Late Stage, Restructuring",,
PortfoLion,VC - Small fund,United States,Technology,"Early Stage, Early Stage: Seed, Early Stage: Start-up",,
Portland Seed Fund,VC - Small fund,United States,Diversified,"Early Stage Venture, Seed",,
Powerplant Ventures,VC - Small fund,United States,Food,"Expansion / Late Stage, Venture (General)",,
Precursor Ventures,VC - Small fund,United States,"Technology, Software, Internet","Early Stage, Early Stage: Seed",,
Presence Capital,VC - Small fund,United States,"Technology, Gaming","Early Stage, Early Stage: Start-up",,
priceline.come,VC - Small fund,United States,"Technology, Travel",Early Stage Venture,,
Primary Venture Partners,VC - Small fund,United States,"Finance, E-Commerce, SaaS",Seed,,
Progress Ventures,VC - Small fund,United States,"Media, Marketing, Technology","Debt, Early Stage Venture, Late Stage Venture, Seed",,
Project 11 Ventures,VC - Small fund,United States,"Technology, IT, Software, Internet, IT Security, IT Infrastructure","Early Stage, Early Stage: Seed",,
Promus Ventures,VC - Small fund,United States,Diversified,"Buyout, Co-Investment, Early Stage: Seed, Early Stage: Start-up, Expansion / Late Stage, Venture (General)",,
Prosper Capital,VC - Small fund,United States,"Technology, Healthcare, Consumer Products","Early Stage, Early Stage: Seed, Early Stage: Start-up, Venture (General)",,
PV Ventures,VC - Small fund,United States,Diversified,"Early Stage, Early Stage: Seed, Early Stage: Start-up",,
Quest Venture Partners,VC - Small fund,United States,"Business Services, Consumer Discretionary, Information Technology, Telecoms, Media, and Communications","Early Stage, Early Stage: Seed, Early Stage: Start-up",,
R7 Partners,VC - Small fund,United States,"Enterprise Software, Finance, Transportation",Early Stage Venture,,
Radicle,VC - Small fund,United States,"Technology, Agriculture, Food","Early Stage, Early Stage: Seed, Early Stage: Start-up",,
Radicle Impact Partners,VC - Small fund,United States,"Financial Services, Agriculture, Energy, Food",Early Stage,,
Raptor Ventures,VC - Small fund,United States,"Technology, Consumer, Sports and Media, Financial Services, Healthcare","Early Stage Venture, Late Stage Venture, Seed",,
Reach Capital,VC - Small fund,United States,"Education, Technology","Early Stage Venture, Seed",,
Red & Blue Ventures,VC - Small fund,United States,"Technology, IT, Software, Hardware, Business Services","Early Stage, Early Stage: Seed",,
Red Dog Capital,VC - Small fund,United States,"Technology, Telecoms, Healthcare, High-Tech, Software, Business Services",Early Stage: Seed,,
Red Sea Ventures,VC - Small fund,United States,"Consumer Discretionary, Information Technology, Telecoms, Media, and Communications","Early Stage, Early Stage: Seed, Early Stage: Start-up",,
Red Swan Ventures,VC - Small fund,United States,"Consumer Products, Retail",Early Stage: Seed,,
Refactor Capital,VC - Small fund,United States,"Software, Healthcare IT","Early Stage, Early Stage: Seed, Venture (General)",,
Refinery,VC - Small fund,United States,"Diversified, Healthcare, Information Technology, Telecoms, Media, and Communications","Early Stage, Venture (General)",,
Reimagined Ventures,VC - Small fund,United States,"Consumer Discretionary, Diversified, Healthcare, Information Technology","Early Stage, Venture (General)",,
Reinventure Capital,VC - Small fund,United States,"Diversified, Energy and Utilities, Healthcare","Growth, Venture (General)",,
Rembrandt Venture Partners,VC - Small fund,United States,Financial Services,"Early Stage Venture, Late Stage Venture, Private Equity, Seed",,
Remiges Ventures,VC - Small fund,United States,"Pharmaceuticals, Biotechnology, Biomedical",Early Stage,,
Renaissance Venture Capital Fund,VC - Small fund,United States,"Diversified, Healthcare, Information Technology","Early Stage: Start-up, Fund of Funds, Venture (General)",,
Resolute Capital Partners,VC - Small fund,United States,"Business Services, Consumer Discretionary, Diversified, Food and Agriculture, Healthcare, Industrials, telecoms, Media, and Communications","Buyout, Expansion / Late Stage, Growth, Management Buyout, Mezzanine, Recapitalisation",,
Resolute Ventures,VC - Small fund,United States,Diversified,"Early Stage, Early Stage: Seed",,
Resonant Venture Partners,VC - Small fund,United States,"Manufacturing, IT, Energy, IT Infrastructure","Early Stage, Early Stage: Seed, Early Stage: Start-up",,
Restless Ventures,VC - Small fund,United States,Technology,"Seed, Early Stage",,
Rethink VC,VC - Small fund,United States,"Technology, Education / Training","Early Stage, Growth, Venture (General)",,
Revel Partners,VC - Small fund,United States,"Technology, IT, Software, Internet, Marketing, Digital Media, Telecom Media, Advertising","Early Stage, Early Stage: Seed, Early Stage: Start-up, Venture (General)",,
Richmond Global,VC - Small fund,United States,"Clean Technology, Diversified, Information Technology, Telecoms, Media, and Communications","Early Stage, Early Stage: Seed, Growth",,
Right Side Capital Management,VC - Small fund,United States,Technology,"Early Stage, Early Stage: Seed, Early Stage: Start-up",,
Rincon Venture Partners,VC - Small fund,United States,"Business Services, Clean Technology, Consumer Discretionary, Information Technology, Telecoms, Media, and Communications","Early Stage, Early Stage: Seed, Early Stage: Start-up",,
Rise Capital,VC - Small fund,United States,Internet,"Early Stage, Expansion / Late Stage, Venture (General)",,
Riverwalk Capital,VC - Small fund,United States,IT,"Early Stage, Early Stage: Seed, Early Stage: Start-up",,
Rivet Ventures,VC - Small fund,United States,"Consumer Discretionary, Food and Agriculture, Information Technology, Telecoms, Media, and Communications",Early Stage,,
Rock Health,VC - Small fund,United States,Healthcare IT,"Early Stage: Seed, Early Stage: Start-up",,
Romulus Capital,VC - Small fund,United States,"Business Services, Consumer Discretionary, Food and Agriculture, Healthcare, Industrials, Information Technology, Telecoms, Media, and Communications","Early Stage, Early Stage: Seed",,
Root Ventures,VC - Small fund,United States,"Business Services, Food and Agriculture, Industrials, Information Technology, Infrastructure","Early Stage, Growth, Venture (General)",,
Rothenberg Ventures,VC - Small fund,United States,"Business Services, Consumer Discretionary, Food and Agriculture, Healthcare, Industrials, Information Technology, Telecoms, Media, and Communications","Early Stage: Seed, Early Stage: Start-up, Venture (General)",,
Router Ventures,VC - Small fund,United States,Information Technology,"Early Stage, Early Stage: Seed, Early Stage: Start-up",,
Rubicon VC,VC - Small fund,United States,"Business Services, Consumer Discretionary, Food and Agriculture, Information Technology, Telecoms, Media, and Communications","Early Stage, Early Stage: Seed, Early Stage: Start-up, Venture (General)",,
SaaStr Fund,VC - Small fund,United States,"Business Services, Information Technology","Early Stage, Early Stage: Seed, Early Stage: Start-up",,
Sandalphon Capital,VC - Small fund,United States,"Business Services, Healthcare, Information Technology, Real Estate, Telecoms, Media, and Communications","Early Stage, Early Stage: Seed",,
Sands Capital Ventures,VC - Small fund,United States,"Technology, Biotechnology, Software","Early Stage, Expansion / Late Stage, Growth, Venture (General)",,
Sapir Venture Partners,VC - Small fund,Israel/NYC/Boston,Technology,"Seed, Early Stage",,
Schematic Ventures,VC - Small fund,United States,"Information Technology within Supply Chain, Transportation, Manufacturing, Digital Industrial",Early Stage,,
Science,VC - Small fund,United States,"Retail, Media, Internet, Business Services, Telecom Media","Early Stage Venture, Seed",,
ScienceVest,VC - Small fund,,Healthcare Tech,"Pre-Seed, Seed",,
Scout Ventures,VC - Small fund,United States,"Business Services, Consumer Discretionary, Healthcare, Industrials, Information Technology, Telecoms, Media, and Communications","Early Stage, Early Stage: Seed, Early Stage: Start-up",,
Scrum Ventures,VC - Small fund,United States,"Consumer Discretionary, Food and Agriculture, Healthcare, Information Technology, Telecoms, Media, and Communications","Early Stage, Early Stage: Start-up, Growth",,
Seattle Angel Fund,VC - Small fund,United States,Diversified,"Early Stage, Early Stage: Seed, Early Stage: Start-up",,
Serra Ventures,VC - Small fund,United States,"Business Services, Clean Technology, Consumer Discretionary, Healthcare, Food and Agriculture, Industrials, Information Technology, Materials, Telecoms, Media, and Communication","Early Stage, Early Stage: Seed, Early Stage: Start-up, Expansion / Late Stage, Venture (General)",,
Seven Peaks Ventures,VC - Small fund,United States,"Diversified, Healthcare, Information Technology, Telecoms, Media, and Communications","Early Stage: Seed, Early Stage: Start-up",,
Seyen Capital,VC - Small fund,United States,"Business Services, Consumer Discretionary, Information Technology, Telecoms, Media, and Communications","Expansion / Late Stage, Growth",,
SG VC,VC - Small fund,United States,"Technology, Financial Services, IT, Software, Internet","Early Stage, Expansion / Late Stage, Venture (General)",,
Shrug Capital,VC - Small fund,United States,"Consumer Discretionary, Information Technology, Telecoms, Media, and Communications","Early Stage, Early Stage: Start-up",,
Sierra Wasatch Capital,VC - Small fund,United States,"Technology, Telecoms, Media, Internet, Entertainment, Marketing, Digital Media, Telecom Media, Advertising","Early Stage, Early Stage: Seed, Early Stage: Start-up, Venture (General)",,
Signia Ventures,VC - Small fund,United States,Technology,"Early Stage, Early Stage: Seed, Early Stage: Start-up",,
Silicon Badia,VC - Small fund,United States,Diversified,Early Stage,,
Silver Sail Capital,VC - Small fund,United States,"Business Services, Consumer Discretionary, Diversified, Energy and Utilities, Food and Agriculture, Individuals","Buyout, Expansion / Late Stage",,
Sinewave Ventures,VC - Small fund,United States,"Business Services, Consumer Discretionary, Healthcare, Industrials, Information Technology, Infrastructure, Telecoms, Media, and Communications","Early Stage, Early Stage: Start-up, Expansion / Late Stage, Venture (General)",,
SK Ventures,VC - Small fund,United States,FinTech,Seed Stage,,
SkyDeck Fund,VC - Small fund,United States,Information Technology,"Angel, Series A/Round 1, Unspecified Round",,
Skyline Capital Partners,VC - Small fund,United States,"Real Estate, Technology",Early Stage,,
Social Leverage,VC - Small fund,United States,"Business Services, Consumer Discretionary, Information Technology, Real Estate, Telecoms, Media and Communications",Early Stage: Seed,,
Sofia Fund,VC - Small fund,United States,"Business Services, Clean Technology, Consumer Discretionary, Healthcare, Information Technology, Materials, Telecoms, Media, and Communications","Early Stage, Expansion / Late Stage, Venture (General)",,
SoGal Ventures,VC - Small fund,United States,"Business Services, Consumer Discretionary, Healthcare, Information Technology",Early Stage: Start-up,,
Sonoma Brands,VC - Small fund,United States,"Consumer Products, Food",Venture (General),,
OMAR HEDEYA,VC - Small fund,Germany,"AI, Software, SaaS, Deep Tech, Digital","Seed, Series A",https://www.linkedin.com/in/omar-hedeya/,
VICTOR NAVARRO,VC - Small fund,Spain,"B2B, B2C, AI, BioTech, Enterprise Software, FinTech, Health Tech, IoT","Pre-Seed, Seed, Series A, Series B",https://www.linkedin.com/in/victornavarrogarcia/,
